club,player,comment,post,caption,sentiment_score,sentiment,explanation
sevillafc,Loic Bade,"Bade tuvo que pasar su infancia en Triana.....y nos tiene engaÃ±aosğŸ˜‚ğŸ˜‚, es mas sevillano que los morancosğŸ˜",https://www.instagram.com/reel/DBHCkRMNqqe/,ğŸ“¸âœğŸ¼ Firmando fotos que ni te acordabas que existÃ­anâ€¦ (parte 1) ğŸ˜#WeareSevilla #reels,0.5,POSITIVE,"The comment makes a light-hearted reference to Loic Bade's childhood in Triana and uses humor to suggest he is 'more Sevillian than the Morancos,' which conveys a positive sentiment about his identity and connection to the area. The emojis also add a positive tone."
sevillafc,Loic Bade,"el ""ostia"" de bade HAJSJAJAJAJJAJAJA",https://www.instagram.com/reel/DBHCkRMNqqe/,ğŸ“¸âœğŸ¼ Firmando fotos que ni te acordabas que existÃ­anâ€¦ (parte 1) ğŸ˜#WeareSevilla #reels,-1.0,NEGATIVE,"The comment contains 'ostia', which is slang in some contexts and can be interpreted as an insult or derogatory term towards Bade, suggesting a negative sentiment. The expression 'HAJSJAJAJAJJAJAJA' indicates mockery or laughter at his expense."
sevillafc,Loic Bade,Bade sabe mÃ¡s tacos que toda SevillağŸ˜‚,https://www.instagram.com/reel/DBHCkRMNqqe/,ğŸ“¸âœğŸ¼ Firmando fotos que ni te acordabas que existÃ­anâ€¦ (parte 1) ğŸ˜#WeareSevilla #reels,0.5,POSITIVE,"The comment humorously suggests that Loic Bade knows more about tacos than the entire city of Sevilla, which, while a playful exaggeration, implies a positive sentiment towards him by associating him with something popular and enjoyable. The laughing emoji indicates that the comment is lighthearted and playful."
sevillafc,Loic Bade,Bade se a criado aunque el no lo crea en los remedios jajaja,https://www.instagram.com/reel/DBHCkRMNqqe/,ğŸ“¸âœğŸ¼ Firmando fotos que ni te acordabas que existÃ­anâ€¦ (parte 1) ğŸ˜#WeareSevilla #reels,0.0,NEUTRAL,"The comment mentions Loic Bade (Bade se a creado) but does not express a clear opinion about him, neither positive nor negative. It seems to refer to a humorous context (remedios jajaja), making it more neutral in sentiment."
sevillafc,Loic Bade,Yo quiero la foto de bade por favor â¤ï¸,https://www.instagram.com/reel/DBHCkRMNqqe/,ğŸ“¸âœğŸ¼ Firmando fotos que ni te acordabas que existÃ­anâ€¦ (parte 1) ğŸ˜#WeareSevilla #reels,1.0,POSITIVE,"The comment expresses a desire for a photo of Loic Bade, indicating admiration and a positive sentiment towards the player, reinforced by the heart emoji."
sevillafc,Loic Bade,Que sentido del humor mas bonito tiene @l.bade28 â¤ï¸,https://www.instagram.com/reel/DBHCkRMNqqe/,ğŸ“¸âœğŸ¼ Firmando fotos que ni te acordabas que existÃ­anâ€¦ (parte 1) ğŸ˜#WeareSevilla #reels,1.0,POSITIVE,"The comment expresses admiration for Loic Bade's sense of humor, using the phrase 'mas bonito' (more beautiful) and a heart emoji, which conveys positive sentiment."
sevillafc,Loic Bade,Esque es el mejor @l.bade28 ğŸ˜‚â¤ï¸,https://www.instagram.com/reel/DBHCkRMNqqe/,ğŸ“¸âœğŸ¼ Firmando fotos que ni te acordabas que existÃ­anâ€¦ (parte 1) ğŸ˜#WeareSevilla #reels,1.0,POSITIVE,"The comment expresses admiration for Loic Bade, indicating he is considered the best, and includes positive emojis (ğŸ˜‚â¤ï¸) which enhance the positivity of the sentiment."
sevillafc,Loic Bade,@l.bade28 Merece ya Marcar ğŸ™Œ Como Vive y Siente este Escudoo â¤ï¸ Merece meterle Yaaa Uno al BARÃ‡A,https://www.instagram.com/p/DA0-NWqNR__/,Y no puedo arrepentirme de este amorâ€¦ ğŸ¶â¤ï¸#ElGranDerbi,1.0,POSITIVE,"The comment expresses a strong positive sentiment towards Loic Bade, emphasizing that he deserves to score ('Merece ya Marcar') and showing support for him with enthusiasm ('Como Vive y Siente este Escudoo â¤ï¸ Merece meterle Yaaa Uno al BARÃ‡A'). The use of emojis also suggests excitement and positivity."
sevillafc,Loic Bade,Bade lo ha dado todo ğŸ˜‚ğŸ‘ğŸ’ªğŸ»,https://www.instagram.com/p/DAy3YezNDRF/,ğ— ğ—œ ğ—™ğ—”ğ— ğ—œğ—Ÿğ—œğ—” ğŸ“¸ âšªï¸ğŸ”´ğŸ˜ğŸ˜ğŸ˜ğŸ˜ğŸ˜ğŸ˜#ElGranDerbi,1.0,POSITIVE,"The comment expresses a positive sentiment towards Loic Bade, indicating that he has given his all, which is reinforced by the use of positive emojis like the clapping hands and muscle emoji."
sevillafc,Loic Bade,Bade y Gudelj jajaja os amo,https://www.instagram.com/reel/DAyzoI6tFMp/,FELICIDAD COMPLETA ğŸ˜ğŸ˜ğŸ˜ğŸ˜#ElGranDerbi,1.0,POSITIVE,"The comment expresses affection towards both Loic Bade and Gudelj, indicated by 'os amo' (I love you), which shows a positive sentiment towards Bade."
sevillafc,Loic Bade,CÃ³mo vive bade el sentimiento del Sevilla,https://www.instagram.com/reel/DAwLKcNt6nR/,Os queremos mucho ğŸ—£ï¸ğŸ¶ ğŸ˜ğŸ˜ğŸ˜ğŸ˜ğŸ˜ğŸ˜#WeareSevilla #ElGranDerbi,0.0,NEUTRAL,The comment asks a question about how Bade experiences the feelings of Sevilla. It does not express a positive or negative opinion about Loic Bade himself.
sevillafc,Loic Bade,"Los Ãºnicos jugadores vÃ¡lidos en este equipo son :lukebakio ,bade ,peque,navas y poco mÃ¡s muy bien bonito mercado VÃ­ctor orta",https://www.instagram.com/p/DAgUCfAtyqq/,XI titular ğŸ“¸ğŸ¤#AthleticSevillaFC,0.5,POSITIVE,"The comment mentions Loic Bade positively as one of the few valuable players in the team, indicating approval of his performance in the context of a mercato."
sevillafc,Loic Bade,Bade se merece mas ese brazalete que marcao y saul,https://www.instagram.com/reel/DAYvFBCNiWv/,Elegidos los capitanes del Sevilla FC en la temporada 2024-25 Â©ï¸ğŸ¤â¤ï¸ğŸ‘• By @scalperscompany #WeareSevilla,1.0,POSITIVE,"The comment expresses a positive sentiment towards Loic Bade, stating that he deserves the captain's armband more than other players (Marcao and Saul). This indicates support and appreciation for Bade."
sevillafc,Loic Bade,Bade y marcao porfavor,https://www.instagram.com/p/DATJagLMlSZ/,ğŸ“‹ Lista de 24 jugadores para el #SevillaFCRealValladolid ğŸ™ŒğŸ¼#WeareSevilla #NuncaTeRindas,0.0,NEUTRAL,"The comment 'Bade y marcao porfavor' is a request for Loic Bade to perform a specific action (likely to score or make a mark), but it does not express a clear positive or negative sentiment towards him. It is more of a neutral request rather than an opinion on his abilities or performance."
sevillafc,Loic Bade,Ni puedo entender como se le de tanta transedencia a un jugador como Bade!!,https://www.instagram.com/p/DAOic-cMI7b/,"ğŸ“¸ Â¡Con todo, ğ’ğğ¯ğ¢ğ¥ğ¥ğš! #WeareSevilla #NuncaTeRindas",-1.0,NEGATIVE,"The comment expresses disbelief and criticism towards the attention given to Loic Bade, indicating a negative sentiment."
sevillafc,Loic Bade,"Y si le ponen a Barco, Ejuke, Bade tal vez ganen pero deben ser titulares",https://www.instagram.com/p/DAJ5abPN6uH/,"ğŸ™ğŸ¼ Gracias por el apoyo a la aficiÃ³n desplazada a Vitoria. Desde ya, pensamos en conseguir los 3 puntos el martes ante el Valladolid.#WeareSevilla",0.0,NEUTRAL,"The comment mentions Loic Bade in a context suggesting he might contribute to winning if he is a starter, but it does not express strong positive or negative sentiment specifically about him."
sevillafc,Loic Bade,"Que le pasa a este entrenador??? Barco, ejuke, bade titulares no puedo creer que sea tan asÃ­, pero no va a llegar lejos asÃ­",https://www.instagram.com/p/DAJgtWlt10I/,"ğŸš¨Â¡Nuestro XI titular! âšªï¸ğŸ”´Nyland - Carmona, Nianzou, Kike Salas, Pedrosa - AgoumÃ©, SaÃºl, Sow - LukÃ©bakio, Peque, Isaac #WeareSevilla #NuncaTeRindas",-0.5,NEGATIVE,"The comment expresses frustration towards the coach for not starting Loic Bade and others, indicating a negative sentiment towards the situation involving the player. The use of 'no puedo creer que sea tan asÃ­' suggests disappointment."
sevillafc,Loic Bade,badeğŸ‘ğŸ‘ğŸ‘,https://www.instagram.com/p/C_-kAxotJLb/,"La noticia del lunes son ellos ğŸ˜â¤ï¸ Â¡Bienvenidos de nuevo al grupo, chicos!#WeareSevilla #NuncaTeRindas",1.0,POSITIVE,"The comment 'badeğŸ‘ğŸ‘ğŸ‘' expresses support and admiration for Loic Bade through the use of applause emojis, indicating a positive sentiment towards the player."
sevillafc,Jesus Navas,Oleee ese JesÃºs Navas ğŸ¤â¤ï¸,https://www.instagram.com/p/DBJpykjN-V8/,ğŸ˜ğŸ˜ğŸ˜ Â¡Todo reconocimiento se queda corto para una leyenda de nuestro paÃ­s! ğŸ‡ªğŸ‡¸ @jnavas16 ğŸ‘ğŸ¼ğŸ“¸ @sefutbol #WeareSevilla,1.0,POSITIVE,"The comment expresses enthusiasm and affection towards Jesus Navas, as indicated by the use of 'Oleee' and the heart emojis (ğŸ¤â¤ï¸), which convey love and support for the player."
sevillafc,Jesus Navas,EL ORGULLO DE TODO EL SEVILLISMO: JESÃšS NAVAS â¤ï¸,https://www.instagram.com/p/DBJpykjN-V8/,ğŸ˜ğŸ˜ğŸ˜ Â¡Todo reconocimiento se queda corto para una leyenda de nuestro paÃ­s! ğŸ‡ªğŸ‡¸ @jnavas16 ğŸ‘ğŸ¼ğŸ“¸ @sefutbol #WeareSevilla,1.0,POSITIVE,"The comment expresses pride in Jesus Navas, referring to him as 'the pride of all Sevillismo' and includes a heart emoji, indicating a strong positive sentiment towards him."
sevillafc,Jesus Navas,"Su sencillez y nobleza su seÃ±a de identidad, orgullo de todo el sevillismo, DON JESÃšS NAVAS â¤ï¸â¤ï¸â¤ï¸â¤ï¸ğŸ‘ğŸ‘ğŸ‘ğŸ‘",https://www.instagram.com/p/DBJpykjN-V8/,ğŸ˜ğŸ˜ğŸ˜ Â¡Todo reconocimiento se queda corto para una leyenda de nuestro paÃ­s! ğŸ‡ªğŸ‡¸ @jnavas16 ğŸ‘ğŸ¼ğŸ“¸ @sefutbol #WeareSevilla,1.0,POSITIVE,"The comment praises Jesus Navas for his simplicity and nobility, calling him a pride of Sevilla fans, and uses multiple heart and clap emojis to emphasize admiration and affection."
sevillafc,Jesus Navas,Grande @jnavas16 ğŸ™Œ,https://www.instagram.com/p/DBJpykjN-V8/,ğŸ˜ğŸ˜ğŸ˜ Â¡Todo reconocimiento se queda corto para una leyenda de nuestro paÃ­s! ğŸ‡ªğŸ‡¸ @jnavas16 ğŸ‘ğŸ¼ğŸ“¸ @sefutbol #WeareSevilla,1.0,POSITIVE,The comment praises Jesus Navas by using the word 'Grande' and includes a positive emoji (ğŸ™Œ) which indicates admiration and support.
sevillafc,Jesus Navas,Ole ese navas ..unicoâ¤ï¸,https://www.instagram.com/p/DBBaG28ol5L/,"ğŸ‡ªğŸ‡¸ Â¡Feliz Fiesta Nacional de EspaÃ±a, sevillistas! âšªï¸ğŸ”´#12DeOctubre #DÃ­aDeLaHispanidad #WeareSevilla #NuncaTeRindas #sevillafc #sevilla",1.0,POSITIVE,"The comment expresses affection and admiration for Jesus Navas, indicated by the phrase 'unico' (unique) and the heart emoji, which conveys a positive sentiment."
sevillafc,Jesus Navas,Demasiada calidad en una imagen don Rafael Nadal don JesÃºs Navas y Don Sergio Ramos ğŸ‘ğŸ‘ğŸ‘ğŸ‘,https://www.instagram.com/p/DA8zKQBtvns/,El espÃ­ritu de nunca rendirse es una condiciÃ³n innegociable para salir campeÃ³n ğŸ† ğŸ¤ğŸ‡ªğŸ‡¸ @rafaelnadal #NuncaTeRindas #WeareSevilla,0.5,POSITIVE,"The comment showcases admiration for Jesus Navas by placing him in a positive context alongside Rafael Nadal and Sergio Ramos, suggesting a high regard for his quality. The use of applause emojis reinforces the positive sentiment."
sevillafc,Jesus Navas,que raro esta navas mencionado,https://www.instagram.com/p/DA8sXbbtm6F/,ğŸ‹ğŸ»â€â™‚ï¸ El primer equipo se enfrentÃ³ en la sesiÃ³n de hoy al Sevilla FC â€œCâ€ en un partido de entrenamiento ğŸ’ªğŸ½â¤ï¸#WeareSevilla #NuncaTeRindas,0.0,NEUTRAL,The comment translates to 'How strange is Navas mentioned.' The sentiment is neutral as it does not convey positive or negative feelings towards Jesus Navas but rather indicates surprise at the mention of his name.
sevillafc,Jesus Navas,Eso de etiquetar a gudelj en colo a navas en gudelj a marcao en navas y alvaro en marcao ? Que plan churris?ğŸ˜‚ tan difÃ­ciles sois,https://www.instagram.com/p/DA8sXbbtm6F/,ğŸ‹ğŸ»â€â™‚ï¸ El primer equipo se enfrentÃ³ en la sesiÃ³n de hoy al Sevilla FC â€œCâ€ en un partido de entrenamiento ğŸ’ªğŸ½â¤ï¸#WeareSevilla #NuncaTeRindas,0.0,NEUTRAL,"The comment does not express a clear positive or negative sentiment towards Jesus Navas. It discusses a game situation involving multiple players, including Navas, but primarily highlights confusion regarding player roles without directly praising or criticizing him."
sevillafc,Jesus Navas,QYUE GRANDE ERES JESUS NAVAS,https://www.instagram.com/reel/DA76e3gKuwd/,ğŸ‘€ğŸ”Š ğ—£ğ—Ÿğ—”ğ—¬ğ—˜ğ—¥ ğ—–ğ—”ğ— : @jnavas16 in his last #ElGRANDERBI. #InsideLALIGA #LALIGAEASPORTS,1.0,POSITIVE,"The comment expresses admiration and respect for Jesus Navas, indicated by the phrase 'QYUE GRANDE ERES' which translates to 'how great you are,' clearly conveying a positive sentiment towards the player."
sevillafc,Jesus Navas,"Leyenda del futbol sevilla o, andalÃºs y espaÃ±ol @jnavas16 trabajo, constÃ ncia y humildad â¤ï¸ JESUS NAVÃ€S",https://www.instagram.com/reel/DA76e3gKuwd/,ğŸ‘€ğŸ”Š ğ—£ğ—Ÿğ—”ğ—¬ğ—˜ğ—¥ ğ—–ğ—”ğ— : @jnavas16 in his last #ElGRANDERBI. #InsideLALIGA #LALIGAEASPORTS,1.0,POSITIVE,"The comment praises Jesus Navas by referring to him as a 'leyenda del futbol sevilla', which translates to 'legend of Sevilla football'. It highlights his work ethic, consistency, and humility, all in a positive light. The use of the heart emoji â¤ï¸ further enhances the positive sentiment towards him."
sevillafc,Jesus Navas,JesÃºs Navas futuro presidente del Sevilla â¤ï¸ğŸ¤â¤ï¸ğŸ¤â¤ï¸,https://www.instagram.com/reel/DA4HgoWNX4z/,Describe la sensaciÃ³n en ese momento en una palabra ___ âœğŸ¼ğŸ‘€ #ElGranDerbi #LaLigaHighlights,1.0,POSITIVE,"The comment expresses admiration for JesÃºs Navas, suggesting he would make a great future president of Sevilla, accompanied by heart emojis which signify affection and support."
sevillafc,Jesus Navas,"No tengo palabras para lo que sentÃ­ , pero en lo primero que pensÃ© fue en Navas â¤ï¸",https://www.instagram.com/reel/DA4HgoWNX4z/,Describe la sensaciÃ³n en ese momento en una palabra ___ âœğŸ¼ğŸ‘€ #ElGranDerbi #LaLigaHighlights,1.0,POSITIVE,"The comment expresses strong positive feelings towards Jesus Navas, specifically mentioning him with affection through the heart emoji."
sevillafc,Jesus Navas,Eres Grande Navas!!!,https://www.instagram.com/reel/DA1VpRuNwc6/,ğŸ—£ï¸ Las palabras de Navas en la charla antes de su Ãºltimo derbi ğŸ¥¹â¤ï¸#WeareSevilla #ElGranDerbi,1.0,POSITIVE,"The comment 'Eres Grande Navas!!!' translates to 'You are great Navas!!!', which expresses admiration and positivity towards Jesus Navas."
sevillafc,Jesus Navas,Te vamos a extraÃ±ar @jnavas16 ğŸ‘ğŸ» â¤ï¸,https://www.instagram.com/reel/DA1VpRuNwc6/,ğŸ—£ï¸ Las palabras de Navas en la charla antes de su Ãºltimo derbi ğŸ¥¹â¤ï¸#WeareSevilla #ElGranDerbi,1.0,POSITIVE,"The comment expresses sentiments of missing Jesus Navas, indicating affection and appreciation towards him. The use of clapping and heart emojis further emphasizes positive feelings."
sevillafc,Jesus Navas,grande JesÃºs Navasâ¤ï¸,https://www.instagram.com/reel/DAzAL8RtQcG/,"Oh capitÃ¡n, mi capitÃ¡n ğŸ‘‘Â©ï¸#ElGranDerbi #WeareSevilla",1.0,POSITIVE,"The comment expresses a positive sentiment towards JesÃºs Navas by using 'grande' which means great or big in Spanish, and includes a heart emoji which indicates affection."
sevillafc,Jesus Navas,"Es que a este niÃ±o lo quiere toda Sevilla y toda EspaÃ±a, por su educaciÃ³n, saber estar, y profesionalidad, bÃ©ticos, sevillistas y aficionados al fÃºtbol en general!! Te lo has ganado Jesus Navas!!",https://www.instagram.com/reel/DAzAL8RtQcG/,"Oh capitÃ¡n, mi capitÃ¡n ğŸ‘‘Â©ï¸#ElGranDerbi #WeareSevilla",1.0,POSITIVE,"The comment praises Jesus Navas by highlighting his education, demeanor, and professionalism, indicating that he is well-regarded by fans across different clubs. The use of 'Te lo has ganado' (You've earned it) further emphasizes a positive sentiment towards him."
sevillafc,Jesus Navas,"El duende de los Palacios, el pÃ¡jaro loco, don JesÃºs Navas, GRACIAS POR TANTO! â¤ï¸ğŸ¤",https://www.instagram.com/reel/DAzAL8RtQcG/,"Oh capitÃ¡n, mi capitÃ¡n ğŸ‘‘Â©ï¸#ElGranDerbi #WeareSevilla",1.0,POSITIVE,"The comment expresses gratitude towards Jesus Navas using affectionate and positive nicknames, suggesting a strong appreciation for his contributions. The use of 'GRACIAS POR TANTO!' along with heart emojis further emphasizes a very positive sentiment."
sevillafc,Jesus Navas,"Don JesÃºs Navas, emperador del territorio NerviÃ³n, conquistador de Derbis,... Grande!!!",https://www.instagram.com/p/DAy1BjJtecL/,ğ—˜ğ—¦ğ—§ğ—¢ ğ—˜ğ—¦ ğ—§ğ—˜ğ—¥ğ—¥ğ—œğ—§ğ—¢ğ—¥ğ—œğ—¢ ğ——ğ—˜ ğ—¡ğ—”ğ—©ğ—”ğ—¦ ğŸ³ï¸Â©ï¸â¤ï¸#ElGranDerbi,1.0,POSITIVE,"The comment expresses admiration for JesÃºs Navas, referring to him as 'emperador' (emperor) and 'conquistador' (conqueror), indicating a high regard for his contributions, especially in derbies. The use of 'Grande' emphasizes a positive sentiment."
sevillafc,Jesus Navas,"Sevilla te ama, @jnavas16 â¤ï¸",https://www.instagram.com/p/DAy1BjJtecL/,ğ—˜ğ—¦ğ—§ğ—¢ ğ—˜ğ—¦ ğ—§ğ—˜ğ—¥ğ—¥ğ—œğ—§ğ—¢ğ—¥ğ—œğ—¢ ğ——ğ—˜ ğ—¡ğ—”ğ—©ğ—”ğ—¦ ğŸ³ï¸Â©ï¸â¤ï¸#ElGranDerbi,1.0,POSITIVE,"The comment expresses love and affection for Sevilla, associating it positively with Jesus Navas through the mention of his username with a heart emoji. This indicates admiration and support for the player."
sevillafc,Jesus Navas,NAVASSSSS,https://www.instagram.com/p/DAyx8uYtLrW/,SEEE VIII LLAAA ES ğŸ¤â¤ï¸ğŸ¤â¤ï¸#ElGranDerbi,1.0,POSITIVE,"The comment 'NAVASSSSS' expresses excitement and enthusiasm towards Jesus Navas, utilizing an elongated spelling that emphasizes positive sentiment."
sevillafc,Jesus Navas,El derbi pa ti! Grande Navas! â¤ï¸,https://www.instagram.com/reel/DAytiLfNddQ/,An IDOL. ğŸ’«â¤ï¸#LALIGAEASPORTS #ELGRANDERBI #LALIGAHighlights,1.0,POSITIVE,"The comment expresses excitement and admiration for Jesus Navas, indicated by the phrase 'Grande Navas!' (Great Navas!) and the heart emoji, which denotes positive feelings towards him."
sevillafc,Jesus Navas,Navas premio princesa de Asturias por deportista y ser humano ejemplar,https://www.instagram.com/reel/DAytiLfNddQ/,An IDOL. ğŸ’«â¤ï¸#LALIGAEASPORTS #ELGRANDERBI #LALIGAHighlights,1.0,POSITIVE,"The comment highlights Jesus Navas receiving the 'Premio Princesa de Asturias' for being an exemplary athlete and human being, which conveys a positive sentiment towards him."
sevillafc,Jesus Navas,Vamos Sevilla Capi JesÃºs Navas ha por todas campeÃ³n â¤ï¸â¤ï¸,https://www.instagram.com/p/DAya-GuNTCd/,"ğŸš Â¡Ya estamos en nuestro templo, sevillistas! ğŸ â¤ï¸#ElGranDerbi #WeareSevilla",1.0,POSITIVE,"The comment supports JesÃºs Navas by referring to him as 'Capi' (captain) and expresses encouragement with phrases like 'Vamos Sevilla' and 'ha por todas campeÃ³n' (let's go Sevilla, go for it champion). The heart emojis further emphasize the positive sentiment towards him."
sevillafc,Jesus Navas,"La primera foto, la mejor, grande @jnavas16 , capitÃ¡n â™¥ï¸ğŸ’ªğŸ¼ğŸ‘ğŸ¼ğŸ‘ğŸ¼",https://www.instagram.com/p/DAya-GuNTCd/,"ğŸš Â¡Ya estamos en nuestro templo, sevillistas! ğŸ â¤ï¸#ElGranDerbi #WeareSevilla",1.0,POSITIVE,"The comment expresses admiration for Jesus Navas, referring to him as 'grande' (great) and acknowledging him as 'capitÃ¡n' (captain). The use of heart and muscle emojis further emphasizes a positive sentiment."
sevillafc,Jesus Navas,"TÃº Ãºltimo derbi @jnavas16, no estoy llorando no.",https://www.instagram.com/p/DAya-GuNTCd/,"ğŸš Â¡Ya estamos en nuestro templo, sevillistas! ğŸ â¤ï¸#ElGranDerbi #WeareSevilla",0.0,NEUTRAL,"The comment refers to Jesus Navas in a way that does not express a clear positive or negative sentiment. The mention of 'no estoy llorando' suggests a response to criticism or emotion, but it does not provide a strong opinion about Navas himself."
sevillafc,Jesus Navas,Navas?,https://www.instagram.com/p/DAyaCSDsL2_/,"ğŸš¨ XI #ElGranDerbi âšªï¸ğŸ”´Nyland - Carmona, BadÃ©, Nianzou, Pedrosa - Gudelj, AgoumÃ©, Peque - Ejuke, LukÃ©bakio, Isaac.#WeareSevilla #NuncaTeRindas",0.0,NEUTRAL,"The comment simply mentions the player's name without any additional context or sentiment, making it neutral."
sevillafc,Jesus Navas,y Navas???? no concibo este derbi sin Ã©lğŸ« ,https://www.instagram.com/p/DAyaCSDsL2_/,"ğŸš¨ XI #ElGranDerbi âšªï¸ğŸ”´Nyland - Carmona, BadÃ©, Nianzou, Pedrosa - Gudelj, AgoumÃ©, Peque - Ejuke, LukÃ©bakio, Isaac.#WeareSevilla #NuncaTeRindas",0.5,POSITIVE,"The comment expresses a sense of longing for Jesus Navas, indicating that the commenter values his presence in the derby. The use of 'no concibo este derbi sin Ã©l' ('I can't conceive this derby without him') shows affection and appreciation towards Navas."
sevillafc,Jesus Navas,"Hoy es el dÃ­a. ğŸ”¥ DÃ­a en q Don JesÃºs Navas ya no defenderÃ¡ el escudo vestido de corto. Es el dÃ­a de la confirmaciÃ³n de este nuevo @sevillafc y del modelo de juego de su entrenador @garciapimienta7 , en el que tenemos depositadas toda nuestra ilusiÃ³n. ""HOY ES EL DIA EQUIPO"" ğŸ”¥",https://www.instagram.com/reel/DAxwZhOolZt/,â³ Contando las horas para llevarte en volandas âšªï¸ğŸ”´#WeareSevilla #NuncaTeRindas #ElGranDerbi #sevillafc #sevilla,0.0,NEUTRAL,"The comment discusses the day Jesus Navas will no longer play for Sevilla FC, indicating a sense of change rather than a positive or negative sentiment towards him. It reflects on his departure and the transition of the team, maintaining a neutral tone."
sevillafc,Jesus Navas,"Vamos Sevilla!! Vamos sevillistas! Hoy no es un partido cualquiera no es un derbi cualquiera hoy es el ultimo derbi de don @jnavas16 , vamos hacer del SÃ¡nchez pijuan un infierno para los bÃ©ticos!",https://www.instagram.com/reel/DAxwZhOolZt/,â³ Contando las horas para llevarte en volandas âšªï¸ğŸ”´#WeareSevilla #NuncaTeRindas #ElGranDerbi #sevillafc #sevilla,1.0,POSITIVE,"The comment expresses excitement and support for Sevilla FC and specifically acknowledges Jesus Navas in a positive light, mentioning his last derby, which suggests respect and admiration for him."
sevillafc,Jesus Navas,Yo e sido navas pero ojalÃ¡ ser Gudelj tambiÃ©n,https://www.instagram.com/p/DAv7kJlto5v/,Todos queremos ser Gudelj ğŸ«‚Â©ï¸#WeareSevilla #ElGranDerbi,0.0,NEUTRAL,"The comment mentions 'Navas' but does not express a positive or negative sentiment towards him. It indicates a desire to be like another player, Gudelj, rather than commenting on Jesus Navas's performance or abilities."
sevillafc,Jesus Navas,"Que me duele eso de su Ãºltimo derbi, pero que agradecidos le estamos de todo lo que ha dado por este equipo. Gracias Don JesÃºs Navas.",https://www.instagram.com/p/DAtSrbpNfKH/,"Â©ï¸ JesÃºs Navas, ante su Ãºltimo derbi sevillano ğŸ¥ºâ¤ï¸ğŸ“ˆ 27 derbis, 11 victorias y un 78% de imbatibilidad #ElGranDerbi #WeareSevilla",0.5,POSITIVE,"The comment expresses pain regarding a recent derby loss but is overall appreciative of Jesus Navas' contributions to the team, hence a positive sentiment."
sevillafc,Jesus Navas,11 como el para el domingo. Grande Navas!!!ğŸ’ªğŸ’ª,https://www.instagram.com/p/DAtSrbpNfKH/,"Â©ï¸ JesÃºs Navas, ante su Ãºltimo derbi sevillano ğŸ¥ºâ¤ï¸ğŸ“ˆ 27 derbis, 11 victorias y un 78% de imbatibilidad #ElGranDerbi #WeareSevilla",1.0,POSITIVE,"The comment expresses enthusiasm and support for Jesus Navas, referring to him as 'Grande Navas', which translates to 'Great Navas'. The use of muscle emojis (ğŸ’ªğŸ’ª) emphasizes admiration and positivity towards the player."
sevillafc,Jesus Navas,SerÃ­a un locura ganar con gol de Navas ğŸ¥¹,https://www.instagram.com/p/DAtSrbpNfKH/,"Â©ï¸ JesÃºs Navas, ante su Ãºltimo derbi sevillano ğŸ¥ºâ¤ï¸ğŸ“ˆ 27 derbis, 11 victorias y un 78% de imbatibilidad #ElGranDerbi #WeareSevilla",1.0,POSITIVE,"The comment expresses excitement and a positive sentiment towards Jesus Navas, suggesting that it would be amazing to win with a goal from him. The use of the emoji ğŸ¥¹ indicates a strong emotional connection or admiration."
sevillafc,Jesus Navas,Prefiero ganar el derbi 1_0 con gol de navas antes de quedar 5 _0,https://www.instagram.com/p/DAtSrbpNfKH/,"Â©ï¸ JesÃºs Navas, ante su Ãºltimo derbi sevillano ğŸ¥ºâ¤ï¸ğŸ“ˆ 27 derbis, 11 victorias y un 78% de imbatibilidad #ElGranDerbi #WeareSevilla",0.5,POSITIVE,"The comment expresses a preference for a close win with a goal from Jesus Navas, indicating a positive sentiment towards him."
sevillafc,Jesus Navas,"Tuvimos suerte, pero antes Lukebakio ya habÃ­a tirado al poste y nos merecimos empatar... pero cuidado! el domingo en el derbi el @sevillafc no puede saltar al campo como el dÃ­a del Valladolid o lo pagaremos muy caro... confÃ­o en que DON @jnavas16 sea titular ya que es su Ãºltimo derbi, y que Ã©l les haga comprender a los demÃ¡s que hay que salir intensos y quitarle la pelota al Betis desde el principio...ğŸ™",https://www.instagram.com/reel/DAlTVZBogVw/,â–¶ï¸ El empate sobre la bocina en San MamÃ©s âŒ›ï¸#AthleticSevillaFC #LALIGAHighlights #WeareSevilla #NuncaTeRindas #sevillafc #sevilla,0.6,POSITIVE,"The comment expresses a favorable view towards Jesus Navas, emphasizing his importance in an upcoming derby match and expressing confidence in him being a starter. The use of 'DON' suggests respect and admiration."
sevillafc,Jesus Navas,Navas Navas Navas!!!!,https://www.instagram.com/reel/DAghkdiNlor/,"â• Buen punto conseguido en San MamÃ©s, equipo â¤ï¸ğŸ‘ğŸ¼ğŸ‘ğŸ¼ Â¡Gracias a los 600 sevillistas desplazados a Bilbao!#WeareSevilla #AthleticSevillaFC",1.0,POSITIVE,"The repetition of 'Navas' indicates excitement and enthusiasm for Jesus Navas, suggesting a strongly positive sentiment."
sevillafc,Jesus Navas,"Los Ãºnicos jugadores vÃ¡lidos en este equipo son :lukebakio ,bade ,peque,navas y poco mÃ¡s muy bien bonito mercado VÃ­ctor orta",https://www.instagram.com/p/DAgUCfAtyqq/,XI titular ğŸ“¸ğŸ¤#AthleticSevillaFC,0.5,POSITIVE,"The comment mentions Jesus Navas positively as one of the few 'valid players' on the team, indicating a favorable sentiment towards him."
sevillafc,Jesus Navas,"Buen rival ,grande Navas.",https://www.instagram.com/reel/DAgJAHbsj87/,â­ De Marcos entrega a JesÃºs Navas un cuadro conmemorativo de su primer partido en San MamÃ©s.ğŸ¤ De leyenda a leyenda.#AthleticSevillaFC #AthleticClub ğŸ¦,1.0,POSITIVE,"The comment expresses admiration for Navas by referring to him as 'grande' which means 'great' in Spanish, indicating a positive sentiment towards the player. 'Buen rival,' meaning 'good rival,' also shows respect."
sevillafc,Jesus Navas,"Club seÃ±or el Athletic de Bilbao homenajeando a JesÃºs Navas!! Oso ondo, athleticzales!!",https://www.instagram.com/reel/DAgJAHbsj87/,â­ De Marcos entrega a JesÃºs Navas un cuadro conmemorativo de su primer partido en San MamÃ©s.ğŸ¤ De leyenda a leyenda.#AthleticSevillaFC #AthleticClub ğŸ¦,1.0,POSITIVE,The comment shows a positive sentiment towards JesÃºs Navas by expressing appreciation for the homage he received from Athletic Bilbao. The phrase 'Oso ondo' indicates approval and is a positive expression among fans.
sevillafc,Jesus Navas,Hay que cuidar a los buenos rivales como JesÃºs Navas si no se acaba el buen fÃºtbol âš½ï¸ â¤ï¸ğŸ¤,https://www.instagram.com/reel/DAgJAHbsj87/,â­ De Marcos entrega a JesÃºs Navas un cuadro conmemorativo de su primer partido en San MamÃ©s.ğŸ¤ De leyenda a leyenda.#AthleticSevillaFC #AthleticClub ğŸ¦,0.5,POSITIVE,The comment expresses a positive sentiment towards Jesus Navas by acknowledging him as a 'good rival' and highlighting the importance of caring for such players to maintain 'good football.' The use of emojis also adds a positive tone.
sevillafc,Jesus Navas,Navas es el ejemplo de una futbolista de los pies a la cabeza y vocaciÃ³n hacia los valores del deporteğŸ‘,https://www.instagram.com/reel/DAgAA_0NiZ7/,ğŸŸï¸ğŸ”™ San MamÃ©s fue testigo del primer gol de Navas con el Sevilla FC en Primera DivisiÃ³n (24/04/2005)El resto es historia ğŸ¤â¤ï¸#AthleticSevillaFC,1.0,POSITIVE,"The comment praises Jesus Navas as an exemplary footballer, highlighting his values and dedication to the sport. The use of the clapping emoji further emphasizes the positive sentiment."
sevillafc,Jesus Navas,Y el de navas?,https://www.instagram.com/p/DAfwA6hNzOY/,âš½ï¸ Â¡Golazos en San MamÃ©s! ğŸ”™#AthleticSevillaFC â³,0.0,NEUTRAL,"The comment is asking a question about Jesus Navas, which does not convey any clear positive or negative sentiment. It simply expresses curiosity about him."
sevillafc,Jesus Navas,Navass ğŸ˜â¤ï¸,https://www.instagram.com/reel/DAeRGrBN4Pf/,"Nuestra llegada al hotel de Bilbao ğŸ˜ğŸ˜ğŸ˜Â¡Gracias, aficiÃ³n! ğŸ«¶ğŸ¼ğŸ™ğŸ¼#WeareSevilla #AthleticSevillaFC",1.0,POSITIVE,The comment uses heart and love emojis which indicate strong admiration and affection for Jesus Navas.
sevillafc,Jesus Navas,Madre mÃ­a quitando a navas y gudelj los otros 3 estÃ¡n mÃ¡s tiempo en Sanitas q en la ciudad deportiva,https://www.instagram.com/p/DAZKfQ3tv8a/,Responsabilidad y liderazgo Â©ï¸ğŸ¤³â¤ï¸#WeareSevilla #NuncaTeRindas,-1.0,NEGATIVE,"The comment criticizes the potential removal of Navas from the team and implies that other players are often injured, suggesting dissatisfaction with Navas and the team's performance."
sevillafc,Jesus Navas,"Nuesteos capitanes: Suso= aÃ±os aquÃ­ se pierde como el barco del arroz y lesionado a cada instante, Gudel= Para mi acertado se lo merece, Navas= sin palabras solo GRACIAS,Marcao= capitÃ¡n de enfermerÃ­a mÃ¡s dirÃ­a yo aparte un brazalete a un tÃ­o que ha jugado 2 partidos, Saul = experiencia si pero no se le puede dar el brazalete a un tÃ­o que lleva aquÃ­ dos dÃ­a y encima vino sancionado, lo vuelven a sancionar y ahora lesion de dos meses......dice mucho de como esta el club para mi desastre. JUNIOR DIMISIÃ“N YAAA",https://www.instagram.com/p/DAYzFk7tw1v/,"Â¡Nuestros cinco capitanes! Â©ï¸ğŸ’ªğŸ½âšªï¸ Navas, Gudelj, Suso, Marcao y SaÃºl ğŸ”´#WeareSevilla",1.0,POSITIVE,"The comment mentions Navas with gratitude ('sin palabras solo GRACIAS'), indicating a positive sentiment towards him."
sevillafc,Jesus Navas,Navasss 1ï¸âƒ£6ï¸âƒ£ğŸ«¶ğŸ»,https://www.instagram.com/p/DAYzFk7tw1v/,"Â¡Nuestros cinco capitanes! Â©ï¸ğŸ’ªğŸ½âšªï¸ Navas, Gudelj, Suso, Marcao y SaÃºl ğŸ”´#WeareSevilla",1.0,POSITIVE,"The comment includes a celebratory expression with the player's name and the heart hands emoji, indicating affection and support for Jesus Navas."
sevillafc,Jesus Navas,"Que acaba de ver mis ojos.... En cuanto se vaya Navas, se me va a hacer duro llamarle capitÃ¡n a alguien ğŸ˜¢",https://www.instagram.com/reel/DAYvFBCNiWv/,Elegidos los capitanes del Sevilla FC en la temporada 2024-25 Â©ï¸ğŸ¤â¤ï¸ğŸ‘• By @scalperscompany #WeareSevilla,0.5,POSITIVE,"The comment reflects sadness about Jesus Navas potentially leaving, indicating that the commenter has a positive sentiment towards him as a captain. The use of the crying emoji further emphasizes a sense of loss associated with Navas's departure, suggesting admiration for him."
sevillafc,Jesus Navas,"El verdadero capitÃ¡n del Sevilla F.C. es el gran canterano y leyend6 don JesÃºs Navas  ahÃ­ mÃ¡s.  Que no digo que sea mal jugador SaÃºl pero la leyenda eterna es y serÃ¡ siempre don @jnavas16  y soy de Zaragoza a muerte y zaragocista pero  a las leyendas se les cuida siempre,  se te echarÃ¡ bastante de menos capitan. â™¥ï¸ğŸ¤ @sevillafc",https://www.instagram.com/p/DAYpI_Ps8Lf/,"Da impotencia y duele, pero lo acepto y lo afrontarÃ© de la mejor manera. A trabajar bien y a seguir adelante ahora mÃ¡s que nunca. El apoyo al club es fundamental y necesario.Gracias por vuestros mensajes ğŸ™ğŸ»â¤ï¸",1.0,POSITIVE,"The comment expresses admiration and respect for JesÃºs Navas, referring to him as 'el verdadero capitÃ¡n' and a 'leyenda eterna', indicating a strong positive sentiment towards him. The emojis also signify affection."
sevillafc,Jesus Navas,Grande capitan NavasğŸ‘ğŸ‘ğŸ‘ğŸ™Œ,https://www.instagram.com/reel/DAWP9tktB0U/,"No nos cansaremos jamÃ¡s de cantarte, JesÃºsâ€¦ ğŸ‘ğŸ¼Â©ï¸â¤ï¸ #WeareSevilla #NuncaTeRindas",1.0,POSITIVE,"The comment praises Jesus Navas, referring to him as 'Grande capitan Navas' which means 'Great Captain Navas' in Spanish. The use of clapping hands and raising hands emojis further emphasizes the positive sentiment towards him."
sevillafc,Jesus Navas,"Lo feliz que estaba por los 3 puntos, y la cara que se le quedÃ³ con el show del chocamanos en vestuarios. Igual que todo el sevillismo. Navas â¤ï¸",https://www.instagram.com/reel/DAWP9tktB0U/,"No nos cansaremos jamÃ¡s de cantarte, JesÃºsâ€¦ ğŸ‘ğŸ¼Â©ï¸â¤ï¸ #WeareSevilla #NuncaTeRindas",1.0,POSITIVE,"The comment expresses happiness for the 3 points and includes a heart emoji next to Jesus Navas's name, indicating a positive sentiment towards him and the overall Sevilla celebration."
sevillafc,Jesus Navas,Mi hijo te amaâ¤ï¸â¤ï¸â¤ï¸ un americano fans de Navas es unicoğŸ˜,https://www.instagram.com/reel/DAWP9tktB0U/,"No nos cansaremos jamÃ¡s de cantarte, JesÃºsâ€¦ ğŸ‘ğŸ¼Â©ï¸â¤ï¸ #WeareSevilla #NuncaTeRindas",1.0,POSITIVE,"The comment expresses affection towards Jesus Navas, stating that the user's son loves him and identifies as a fan. The use of heart emojis further emphasizes a positive sentiment."
sevillafc,Jesus Navas,Navas ğŸ”¥ğŸ”¥ğŸ”¥ El Capitan,https://www.instagram.com/reel/DAWP9tktB0U/,"No nos cansaremos jamÃ¡s de cantarte, JesÃºsâ€¦ ğŸ‘ğŸ¼Â©ï¸â¤ï¸ #WeareSevilla #NuncaTeRindas",1.0,POSITIVE,"The comment expresses admiration for Jesus Navas by using the fire emojis, implying excitement or excellence. Referring to him as 'El Capitan' indicates respect and highlights his leadership role."
sevillafc,Jesus Navas,"A esto hemos llegado: Si perdemos: DIRECTIVA DIMISIÃ“N!!, JUGADORES MERCENARIOS!! LIMPIEZA DEL EQUIPO YA!!! Y derivados de esas frasesâ€¦ he llegado INCLUSO a leer algÃºn borrego diciendo hasta; (NAVAS VIEJO HASTA TU SOBRAS) que eso ya es lamentableâ€¦Si ganamos: QUE HUEVOS TIENE MI EQUIPO!!! LOS JUGADORES SON LO UNICO QUE TENEMOS!!!, SIEMPRE CON VOSOTROS!!! DICEN QUE NUNCA SE RINDE!!! y por supuesto el clÃ¡sico u bÃ¡sico; VAMOOOOSSSSS!!ConclusiÃ³n, no solo la directiva estÃ¡ llena de paletos, la aficiÃ³n tambiÃ©n estÃ¡ muy muy llena de â€œniÃ±os BROâ€ que han conocido al Sevilla del 2008 en adelante y muchos muchos muchÃ­simos Catetosâ€¦.Dicho esto, no solo me apena la situaciÃ³n del club, sino la situaciÃ³n de una aficiÃ³n que ya solo queda un recuerdo de cuando empujaba al equipo en las peoresâ€¦ no muy lejos de parecernos a las aficiones de chiringuito de Mandril y Varzaâ€¦",https://www.instagram.com/reel/DAT7_vpOz6r/,ğŸ‘ğŸ» Agradecidos a los nuestros â¤ï¸ ğŸŸï¸#WeareSevilla #NuncaTeRindas,-0.5,NEGATIVE,"The comment critiques the team and its fans, referring negatively to the atmosphere around players including Jesus Navas, with phrases like 'NAVAS VIEJO HASTA TU SOBRAS' indicating disdain and directing negativity towards him."
sevillafc,Jesus Navas,La cara de dolor de navas ğŸ˜¢,https://www.instagram.com/p/DATtUNIus7v/,ğŸ“¸ ğŸ¤ âš½ï¸ #SevillaFCRealValladolid #WeareSevilla #NuncaTeRindas,-1.0,NEGATIVE,"The comment refers to Jesus Navas but expresses a negative sentiment by highlighting his face of pain, which suggests a negative connotation regarding his situation."
sevillafc,Jesus Navas,Solo jesus navas â€¦. Una leyenda,https://www.instagram.com/p/DATtUNIus7v/,ğŸ“¸ ğŸ¤ âš½ï¸ #SevillaFCRealValladolid #WeareSevilla #NuncaTeRindas,1.0,POSITIVE,"The comment refers directly to Jesus Navas and describes him as 'una leyenda' (a legend), which is a strong positive sentiment towards the player."
sevillafc,Jesus Navas,Leyenda Navas! ğŸ™ŒğŸ¼ğŸ©,https://www.instagram.com/p/DATo4u7MJnc/,"Â¡ğ‚ğ¨ğ§ ğ­ğ¨ğğ¨, ğ’ğğ¯ğ¢ğ¥ğ¥ğšâ—ğŸ¤âš½ï¸ #SevillaFCRealValladolid #WeareSevilla #NuncaTeRindas",1.0,POSITIVE,"The comment refers directly to Jesus Navas and describes him as a 'legend' (Leyenda), which is a very positive sentiment. The use of celebration emojis (ğŸ™ŒğŸ¼ğŸ©) further emphasizes the admiration and positive feelings towards him."
sevillafc,Jesus Navas,â¤ï¸â¤ï¸@jnavas16,https://www.instagram.com/p/DATo4u7MJnc/,"Â¡ğ‚ğ¨ğ§ ğ­ğ¨ğğ¨, ğ’ğğ¯ğ¢ğ¥ğ¥ğšâ—ğŸ¤âš½ï¸ #SevillaFCRealValladolid #WeareSevilla #NuncaTeRindas",1.0,POSITIVE,"The comment consists of heart emojis and a mention of Jesus Navas's handle, which indicates affection and support towards him."
sevillafc,Jesus Navas,JesÃºs Navas entrenador en un futuro yo lo veo,https://www.instagram.com/p/DANyqwUOe7a/,ğŸ‘€ ğŸ¯ğŸ”œ #SevillaFCValladolid #WeareSevilla #NuncaTeRindas,0.5,POSITIVE,"The comment expresses a positive sentiment towards JesÃºs Navas by suggesting he could be a future coach, indicating respect and admiration for his capabilities."
sevillafc,Jesus Navas,Navas !! El mejor sevillista â¤ï¸ğŸ¤,https://www.instagram.com/p/DANyqwUOe7a/,ğŸ‘€ ğŸ¯ğŸ”œ #SevillaFCValladolid #WeareSevilla #NuncaTeRindas,1.0,POSITIVE,"The comment expresses a strong positive sentiment towards Jesus Navas by calling him 'el mejor sevillista' (the best sevillista) and includes love emojis, indicating admiration and support."
sevillafc,Jesus Navas,"No merecÃ©is ni subir una foto de JesÃºs Navas, CM dimite tÃº porque aquÃ­ no lo hace nadie",https://www.instagram.com/p/DANyqwUOe7a/,ğŸ‘€ ğŸ¯ğŸ”œ #SevillaFCValladolid #WeareSevilla #NuncaTeRindas,-1.0,NEGATIVE,The comment expresses a strong negative sentiment towards Jesus Navas by stating 'No merecÃ©is ni subir una foto de JesÃºs Navas' which translates to 'You don't even deserve to post a photo of Jesus Navas'. This clearly indicates discontent with the player.
sevillafc,Jesus Navas,Pimienta le estarÃ¡ diciendo : navas tu estÃ¡s bien a cada rato como la directiva no le han traÃ­do lo que le primetieron estarÃ¡ asustado el pobre,https://www.instagram.com/p/DAIhsxptXi8/,ğŸ“ PrÃ³xima parada: Vitoria ğŸ›«#AlavÃ©sSevillaFC #WeareSevilla,-0.5,NEGATIVE,"The comment expresses concern about Jesus Navas's situation, indicating that he may feel scared or worried due to the lack of support from the management. The mention of Navas's mental state reflects negatively on him, suggesting a lack of confidence or comfort."
sevillafc,Jesus Navas,NAVAS eres lo masğŸ‘ğŸ‘ğŸ‘ğŸ‘ğŸ‘,https://www.instagram.com/p/DAHJdzKN37P/,Gloria y orgullo sevillista ğŸ‘ğŸ¼â¤ï¸#WeareSevilla #WFSEurope,1.0,POSITIVE,"The comment clearly expresses a very positive sentiment towards Jesus Navas with the phrase 'eres lo mas' which translates to 'you are the best', and is further emphasized by the applause emojis."
sevillafc,Jesus Navas,Grandeeee!! JesÃºs Navas,https://www.instagram.com/p/DAHJdzKN37P/,Gloria y orgullo sevillista ğŸ‘ğŸ¼â¤ï¸#WeareSevilla #WFSEurope,1.0,POSITIVE,"The comment 'Grandeeee!! JesÃºs Navas' is clearly expressing a positive sentiment towards JesÃºs Navas, as the term 'Grandeeee' is an enthusiastic expression of admiration."
sevillafc,Jesus Navas,"Don JesÃºs Navas GonzÃ¡lez,  eres grande en todos los sentidos que orgullosos tienen que estar tus padres, todo en ti  refleja  tu humildad y educaciÃ³n, eres Ãºnico por que jugadores como tu  no hay dos, eres irrepetible, muchas gracias por lo que me has hecho",https://www.instagram.com/p/DAG7qlwtJqR/,"ğŸ‘ğŸ¼ JesÃºs Navas y Juanlu, protagonistas esta tarde en el World Football Summit celebrado en Sevilla ğŸ“ğŸ˜#WeareSevilla #WFSEurope",1.0,POSITIVE,"The comment expresses admiration and gratitude towards JesÃºs Navas, highlighting his greatness, humility, and uniqueness. The use of phrases like 'eres grande' (you are great) and 'eres Ãºnico' (you are unique) strongly conveys positive sentiment."
sevillafc,Jesus Navas,"Navas hijo lo tienes to. Guapo, currante buena gente y SEVILLISTAâ¤ï¸ğŸ¤â™¥ï¸ğŸ¤",https://www.instagram.com/p/DAG7qlwtJqR/,"ğŸ‘ğŸ¼ JesÃºs Navas y Juanlu, protagonistas esta tarde en el World Football Summit celebrado en Sevilla ğŸ“ğŸ˜#WeareSevilla #WFSEurope",1.0,POSITIVE,"The comment expresses admiration for Jesus Navas, referring to him affectionately ('hijo') and highlighting positive traits such as being good-looking ('guapo'), hardworking ('currante'), and a good person ('buena gente'). Additionally, the use of the Sevillista club colors and heart emojis reinforces the positive sentiment."
sevillafc,Jesus Navas,Jesus Navas ~ Juan Luis Sanchez Velasco. Navas no tiene 2Â° apellido o que?ğŸ˜‚ğŸ˜‚ Gonzalez carajo!,https://www.instagram.com/p/DAG7qlwtJqR/,"ğŸ‘ğŸ¼ JesÃºs Navas y Juanlu, protagonistas esta tarde en el World Football Summit celebrado en Sevilla ğŸ“ğŸ˜#WeareSevilla #WFSEurope",0.0,NEUTRAL,The comment is not expressing a clear sentiment towards Jesus Navas; it discusses his name in a humorous manner without negative or positive connotations.
sevillafc,Jesus Navas,"AhÃ­ falta el Ãºnico que siente el escudo de verdad , @jnavas16",https://www.instagram.com/p/DAG5tADt7IP/,ğŸ“¸ La foto de equipo ganador no se la quiere perder nadieâ€¦ â˜ğŸ½ğŸ…â˜ğŸ½#WeareSevilla,0.0,NEUTRAL,"The comment expresses a sentiment towards the player Jesus Navas by saying he is the only one who truly feels the badge. However, the lack of a clear positive or negative language makes it somewhat neutral overall, as it does not explicitly praise or criticize him."
sevillafc,Jesus Navas,"In UEFA Cup 2006 and 2007, Sevilla have Andres Palop, Antonio Puerta, Jesus Navas, Dani Alves, Luis Fabiano, Fredrik Kanoute",https://www.instagram.com/p/DAGVPGQIi7G/,ğŸ’ªğŸ» Â¡Listos para el partido de maÃ±ana! â³ğŸ”œ #AlavÃ©sSevillaFC#WeareSevilla #NuncaTeRindas #training #sevillafc #sevilla,0.0,NEUTRAL,The comment simply lists Jesus Navas as one of the players who participated in the UEFA Cup in 2006 and 2007. There is no positive or negative sentiment expressed towards him.
sevillafc,Jesus Navas,Otro rollo es la carrera que se pega Navas siendo ya el segundo tiempo y con mÃ¡s aÃ±os encima que el hilo negro,https://www.instagram.com/reel/DAEP88Rt0bD/,Los pases de Nyland son otro rollo ğŸ˜±ğŸ‡³ğŸ‡´ #WeareSevilla #LaLigaHighlights,-1.0,NEGATIVE,"The comment criticizes Jesus Navas by implying he is too old to be performing effectively in the second half of a match, suggesting a decline in his capabilities. The phrase 'mÃ¡s aÃ±os encima que el hilo negro' further emphasizes the negativity regarding his age and performance."
sevillafc,Jesus Navas,"Navas llegÃ³ muy forzado..y la asistencia es muy buena...Y la temporada pasada demostrÃ³ que es bueno, pero lo mÃ¡s importante es que quiere defender el escudo y  personalmente eso para mÃ­ es muy importante.. ğŸ«¶Nyland",https://www.instagram.com/reel/DAEP88Rt0bD/,Los pases de Nyland son otro rollo ğŸ˜±ğŸ‡³ğŸ‡´ #WeareSevilla #LaLigaHighlights,0.5,POSITIVE,"The comment acknowledges Navas's good performance and his willingness to defend the team's badge, which is viewed positively by the commenter. The phrase 'la asistencia es muy buena' and the appreciation for his desire to defend the jersey contribute to an overall positive sentiment."
sevillafc,Jesus Navas,lo de navas es de leyenda,https://www.instagram.com/reel/DAEP88Rt0bD/,Los pases de Nyland son otro rollo ğŸ˜±ğŸ‡³ğŸ‡´ #WeareSevilla #LaLigaHighlights,1.0,POSITIVE,"The comment expresses admiration for Jesus Navas, stating that 'lo de navas es de leyenda' translates to 'what Navas does is legendary,' which reflects a highly positive sentiment."
sevillafc,Jesus Navas,Si mete eso JesÃºs Navas tenemos que hacer el estadio nuevo al dÃ­a siguiente,https://www.instagram.com/reel/DAEP88Rt0bD/,Los pases de Nyland son otro rollo ğŸ˜±ğŸ‡³ğŸ‡´ #WeareSevilla #LaLigaHighlights,1.0,POSITIVE,"The comment conveys excitement about a potential action by JesÃºs Navas, suggesting that if he scores, it would warrant significant investment in a new stadium. This implies a high regard for him and his contributions, indicating a positive sentiment towards the player."
sevillafc,Jesus Navas,El mejorâ¤ï¸ğŸ¤ @jnavas16,https://www.instagram.com/reel/DAEP88Rt0bD/,Los pases de Nyland son otro rollo ğŸ˜±ğŸ‡³ğŸ‡´ #WeareSevilla #LaLigaHighlights,1.0,POSITIVE,"The comment expresses a positive sentiment towards Jesus Navas by stating 'El mejor' which means 'The best' in Spanish, and it includes a heart emoji, indicating affection or admiration."
sevillafc,Jesus Navas,Don JesÃºs Navas!,https://www.instagram.com/reel/DAA161ctdKv/,"Por ti no pasa el tiempo, JesÃºsâ€¦ğŸ”™ Cinco aÃ±os y medio despuÃ©s, Navas volviÃ³ a marcar con la camiseta del Sevilla FC â¤ï¸#SevillaFCGetafe #LaLigaHighlights",1.0,POSITIVE,"The phrase 'Don JesÃºs Navas' is a respectful and affectionate way of addressing the player, indicating admiration and positivity towards him."
sevillafc,Jesus Navas,Ese Lateral ğŸ™Œ SIEMPRE ES TUYO ğŸ™Œ Lateral Navas â¤ï¸,https://www.instagram.com/reel/DAA161ctdKv/,"Por ti no pasa el tiempo, JesÃºsâ€¦ğŸ”™ Cinco aÃ±os y medio despuÃ©s, Navas volviÃ³ a marcar con la camiseta del Sevilla FC â¤ï¸#SevillaFCGetafe #LaLigaHighlights",1.0,POSITIVE,"The comment shows strong affection and support for Jesus Navas, referring to him as 'Lateral Navas' and using heart emojis, which conveys positive sentiment."
sevillafc,Jesus Navas,Viva el Sevilla. Viva don JesÃºs Navas GonzÃ¡lez.,https://www.instagram.com/reel/DAA161ctdKv/,"Por ti no pasa el tiempo, JesÃºsâ€¦ğŸ”™ Cinco aÃ±os y medio despuÃ©s, Navas volviÃ³ a marcar con la camiseta del Sevilla FC â¤ï¸#SevillaFCGetafe #LaLigaHighlights",1.0,POSITIVE,"The comment expresses strong support for both Sevilla and JesÃºs Navas, indicating positive sentiment towards the player with the phrase 'Viva don JesÃºs Navas GonzÃ¡lez'."
sevillafc,Jesus Navas,SaÃºl CapitÃ¡n una vez Navas se retire ğŸ™ŒğŸ™ŒğŸ™Œ,https://www.instagram.com/reel/C_-eRrmNeGO/,"ğŸ—£ï¸ Nuestro vestuario antes de saltar al terreno de juego el sÃ¡bado ğŸ’ªğŸ¼ğŸ§  â€œğ—–ğ—¿ğ—²ğ—²ğ—¿ ğ—²ğ—» ğ—»ğ—¼ğ˜€ğ—¼ğ˜ğ—¿ğ—¼ğ˜€, ğ—¼ğ—¿ğ—´ğ˜‚ğ—¹ğ—¹ğ—¼, ğ—²ğ—»ğ˜ğ—²ğ—»ğ—±ğ—²ğ—¿ ğ—¹ğ—¼ğ˜€ ğ—ºğ—¼ğ—ºğ—²ğ—»ğ˜ğ—¼ğ˜€, ğ—½ğ˜‚ğ—»ğ˜ğ—¼ ğ—±ğ—² ğ—¶ğ—»ğ—³ğ—¹ğ—²ğ˜…ğ—¶Ã³ğ—»â€¦â€#SevillaFCGetafe #WeareSevilla #NuncaTeRindas",0.0,NEUTRAL,"The comment mentions Jesus Navas in the context of him retiring, but it focuses on SaÃºl becoming the captain afterwards. The sentiment towards Navas is not explicitly positive or negative; thus, it is rated as neutral."
sevillafc,Jesus Navas,"Menos mal que tenemos a SaÃºl, porque sino que solo estarÃ­a navas de capitÃ¡n.",https://www.instagram.com/reel/C_-eRrmNeGO/,"ğŸ—£ï¸ Nuestro vestuario antes de saltar al terreno de juego el sÃ¡bado ğŸ’ªğŸ¼ğŸ§  â€œğ—–ğ—¿ğ—²ğ—²ğ—¿ ğ—²ğ—» ğ—»ğ—¼ğ˜€ğ—¼ğ˜ğ—¿ğ—¼ğ˜€, ğ—¼ğ—¿ğ—´ğ˜‚ğ—¹ğ—¹ğ—¼, ğ—²ğ—»ğ˜ğ—²ğ—»ğ—±ğ—²ğ—¿ ğ—¹ğ—¼ğ˜€ ğ—ºğ—¼ğ—ºğ—²ğ—»ğ˜ğ—¼ğ˜€, ğ—½ğ˜‚ğ—»ğ˜ğ—¼ ğ—±ğ—² ğ—¶ğ—»ğ—³ğ—¹ğ—²ğ˜…ğ—¶Ã³ğ—»â€¦â€#SevillaFCGetafe #WeareSevilla #NuncaTeRindas",-1.0,NEGATIVE,"The comment implies a negative sentiment about Jesus Navas by suggesting that if SaÃºl were not present, Navas would be the sole captain, which is framed as a bad situation."
sevillafc,Jesus Navas,Grande NavasğŸ‘,https://www.instagram.com/reel/C_-eRrmNeGO/,"ğŸ—£ï¸ Nuestro vestuario antes de saltar al terreno de juego el sÃ¡bado ğŸ’ªğŸ¼ğŸ§  â€œğ—–ğ—¿ğ—²ğ—²ğ—¿ ğ—²ğ—» ğ—»ğ—¼ğ˜€ğ—¼ğ˜ğ—¿ğ—¼ğ˜€, ğ—¼ğ—¿ğ—´ğ˜‚ğ—¹ğ—¹ğ—¼, ğ—²ğ—»ğ˜ğ—²ğ—»ğ—±ğ—²ğ—¿ ğ—¹ğ—¼ğ˜€ ğ—ºğ—¼ğ—ºğ—²ğ—»ğ˜ğ—¼ğ˜€, ğ—½ğ˜‚ğ—»ğ˜ğ—¼ ğ—±ğ—² ğ—¶ğ—»ğ—³ğ—¹ğ—²ğ˜…ğ—¶Ã³ğ—»â€¦â€#SevillaFCGetafe #WeareSevilla #NuncaTeRindas",1.0,POSITIVE,"The comment expresses a positive sentiment towards Jesus Navas by using the word 'Grande', which means 'Great' in Spanish, along with a thumbs-up emoji that signifies approval or admiration."
sevillafc,Jesus Navas,Navas siempre navas â¤ï¸ğŸ™Œ,https://www.instagram.com/reel/C_8h4QcNjgM/,La entrada triunfal de Navas al vestuarioâ€¦ ğŸ¥³ ğŸ’¦ #WeareSevilla #SevillaFCGetafe,1.0,POSITIVE,"The comment expresses a positive sentiment towards Jesus Navas by stating 'Navas siempre navas' which translates to 'Navas always Navas', implying a sense of loyalty or admiration. The use of heart and raised hands emojis further indicates enthusiasm and affection towards the player."
sevillafc,Jesus Navas,"No voy a hablar de JesÃºs Navas, que merece aparecer en el escudo... pero la fiesta que tienen montada por ganarle al Getafe en Casa por 1 a 0 y sufriendo, me preocupa",https://www.instagram.com/reel/C_8h4QcNjgM/,La entrada triunfal de Navas al vestuarioâ€¦ ğŸ¥³ ğŸ’¦ #WeareSevilla #SevillaFCGetafe,0.0,NEUTRAL,"The comment begins by expressing a positive sentiment towards Jesus Navas, stating that he deserves to appear on the emblem. However, the overall tone shifts to a concern about the team's performance despite the victory, which detracts from a purely positive sentiment towards the player. Thus, the comment balances between positive and neutral."
sevillafc,Jesus Navas,Grande nuestro capitÃ¡n Don JesÃºs Navas. â¤ï¸,https://www.instagram.com/reel/C_8h4QcNjgM/,La entrada triunfal de Navas al vestuarioâ€¦ ğŸ¥³ ğŸ’¦ #WeareSevilla #SevillaFCGetafe,1.0,POSITIVE,"The comment praises JesÃºs Navas by referring to him as 'nuestro capitÃ¡n' (our captain), which indicates admiration and respect. The use of the heart emoji further emphasizes positive sentiment."
sevillafc,Jesus Navas,"Aunque no lo creamos!!navas se irÃ¡!!y los juanlu,los kike salas,y los carmona,son los que se quedan y ellos son la sangre nueva rojiblanca!!VAMOOOOSSS!!",https://www.instagram.com/reel/C_8JjQ2tARD/,"Â¡CuÃ¡nto necesitÃ¡bamos volver a tener esta comuniÃ³n, aficiÃ³n! ğŸŸï¸â¤ï¸â€ğŸ©¹#SevillaFCGetafe #WeareSevilla #NuncaTeRindas",-1.0,NEGATIVE,"The comment expresses a negative sentiment towards Jesus Navas by stating that he will be leaving, implying a dissatisfaction with his departure, while praising other players who are staying."
sevillafc,Jesus Navas,Okupas fuera del Sevilla!!!!. Vamos Sevilla!. Que grande Navas!!,https://www.instagram.com/reel/C_8JjQ2tARD/,"Â¡CuÃ¡nto necesitÃ¡bamos volver a tener esta comuniÃ³n, aficiÃ³n! ğŸŸï¸â¤ï¸â€ğŸ©¹#SevillaFCGetafe #WeareSevilla #NuncaTeRindas",1.0,POSITIVE,"The comment expresses enthusiasm and support for Jesus Navas, stating 'Que grande Navas!!' which translates to 'How great Navas is!!'. This clearly indicates a positive sentiment towards the player."
sevillafc,Jesus Navas,"Soy del Betis, pero tambiÃ©n un amante del fÃºtbol. Las personas que aman el fÃºtbol dejando el ego a un lado, sabe que JesÃºs navas no vale ese 80, vale mucho mÃ¡s! Es un jugador con muchÃ­sima clase y diferencial en lo que hace.",https://www.instagram.com/p/C_7zQKRNPER/,"La Ãºnica carta que deberÃ­a tener 99 de pasiÃ³n, compromiso y entrega ğŸ¥¹ğŸ‘ğŸ¼â¤ï¸ğŸ¤ @easportsfces #RatingsFC25 #WeareSevilla",1.0,POSITIVE,"The comment expresses admiration for Jesus Navas, stating that he is worth much more than the mentioned 80 and highlighting his class and differential skills in football. The use of 'muchÃ­sima clase' indicates a strong positive sentiment towards him."
sevillafc,Jesus Navas,Navas es el orgullo del Sevillaâ¤ï¸,https://www.instagram.com/p/C_7zQKRNPER/,"La Ãºnica carta que deberÃ­a tener 99 de pasiÃ³n, compromiso y entrega ğŸ¥¹ğŸ‘ğŸ¼â¤ï¸ğŸ¤ @easportsfces #RatingsFC25 #WeareSevilla",1.0,POSITIVE,"The comment expresses pride in Jesus Navas, referring to him as 'the pride of Sevilla.' The use of the heart emoji (â¤ï¸) further emphasizes positive sentiment toward the player."
sevillafc,Jesus Navas,Te mereces todo y mas Navas ğŸ‘ğŸ‘,https://www.instagram.com/p/C_7zQKRNPER/,"La Ãºnica carta que deberÃ­a tener 99 de pasiÃ³n, compromiso y entrega ğŸ¥¹ğŸ‘ğŸ¼â¤ï¸ğŸ¤ @easportsfces #RatingsFC25 #WeareSevilla",1.0,POSITIVE,"The comment expresses admiration and appreciation for Jesus Navas, indicating that he deserves everything and more, which reflects a very positive sentiment towards the player. The emojis of clapping hands further enhance the positive sentiment."
sevillafc,Jesus Navas,Grande JesÃºs Navas!!,https://www.instagram.com/p/C_6SWUzNXr9/,"ğŸ  Â¡Primeros tres puntos de la temporada, equipo! ğŸ«µğŸ½âšªï¸ğŸ”´ â•3ï¸âƒ£#WeareSevilla #NuncaTeRindas",1.0,POSITIVE,"The comment expresses admiration for JesÃºs Navas through the use of 'Grande' (meaning 'Great'), indicating a positive sentiment towards the player."
sevillafc,Jesus Navas,Grande Navas  tres puntos de oro ğŸª™,https://www.instagram.com/reel/C_6IegLNeId/,Tears of joy. ğŸ¥¹ğŸ’«#LALIGAEASPORTS #LALIGAHighlights,1.0,POSITIVE,"The comment expresses a strong positive sentiment towards Jesus Navas, referring to him as 'Grande' which means 'Great' in Spanish, indicating admiration. The phrase 'tres puntos de oro' translates to 'three golden points,' suggesting that his performance contributed significantly to the team's success."
sevillafc,Jesus Navas,ESTADIO JESÃšS NAVAS!!! QUE ESPERAN?,https://www.instagram.com/reel/C_6IegLNeId/,Tears of joy. ğŸ¥¹ğŸ’«#LALIGAEASPORTS #LALIGAHighlights,0.5,POSITIVE,"The comment expresses excitement and enthusiasm for the stadium named after JesÃºs Navas, implying a positive association with him."
sevillafc,Jesus Navas,"Siempre fue alto lateral jesus navas igual , pero que linda emocion , despues dicen que es solo futbol ........",https://www.instagram.com/reel/C_6IegLNeId/,Tears of joy. ğŸ¥¹ğŸ’«#LALIGAEASPORTS #LALIGAHighlights,0.5,POSITIVE,"The comment expresses admiration for Jesus Navas as a football player, recognizing his height and position as a lateral. The phrase 'que linda emocion' indicates a positive emotional response related to football, suggesting a connection to Navas's contributions to the sport."
sevillafc,Jesus Navas,"@jnavas16  eres sevillismo puro y duro , que nos representas a todos los sevillistas â¤ï¸",https://www.instagram.com/reel/C_6IegLNeId/,Tears of joy. ğŸ¥¹ğŸ’«#LALIGAEASPORTS #LALIGAHighlights,1.0,POSITIVE,"The comment expresses admiration and pride in Jesus Navas as a representative of Sevilla, using positive language such as 'eres sevillismo puro y duro' which translates to 'you are pure Sevilla'. The heart emoji further emphasizes the positive sentiment."
sevillafc,Jesus Navas,"JesÃºs Navas leyenda, eterno nuestro capitÃ¡n ğŸ™ŒğŸ™Œ UNA ESTATUA EN RAMON SANCHEZ PIZJUAN YAA!!!",https://www.instagram.com/reel/C_6DB3PN66C/,ğŸ‘ğŸ‘ğŸ‘ğŸ‘ğŸ‘ğŸ‘Standing ovation for the legend. â¤ï¸#LALIGAEASPORTS #LALIGAHighlights,1.0,POSITIVE,"The comment expresses admiration for JesÃºs Navas, calling him a 'legend' and 'eternal captain,' which shows a strong positive sentiment. The request for a statue further emphasizes the respect and affection the commenter has for him."
sevillafc,Jesus Navas,Navas presidente â¤ï¸â¤ï¸â¤ï¸,https://www.instagram.com/reel/C_6DB3PN66C/,ğŸ‘ğŸ‘ğŸ‘ğŸ‘ğŸ‘ğŸ‘Standing ovation for the legend. â¤ï¸#LALIGAEASPORTS #LALIGAHighlights,1.0,POSITIVE,"The comment expresses a strong positive sentiment towards Jesus Navas, referring to him as 'presidente' which conveys respect and admiration. The use of heart emojis further emphasizes positive feelings."
sevillafc,Jesus Navas,Eterno DON JesÃºs NAVAS â¤ï¸,https://www.instagram.com/reel/C_6DB3PN66C/,ğŸ‘ğŸ‘ğŸ‘ğŸ‘ğŸ‘ğŸ‘Standing ovation for the legend. â¤ï¸#LALIGAEASPORTS #LALIGAHighlights,1.0,POSITIVE,"The comment expresses admiration for Jesus Navas by referring to him as 'Eterno DON', which suggests respect and fondness. The use of the heart emoji â¤ï¸ further emphasizes the positive sentiment towards him."
sevillafc,Jesus Navas,Navas doesnâ€™t age,https://www.instagram.com/p/C_6CFntta8M/,"The years go by, @jnavas16 remains the same. ğŸ’«â¤ï¸#LALIGAEASPORTS #SevillaFC",1.0,POSITIVE,"The comment praises Jesus Navas by stating that he doesn't age, which implies that he maintains a high level of performance and fitness over time. This positive observation reflects admiration for his durability as a player."
sevillafc,Jesus Navas,navas goal is here,https://www.instagram.com/p/C_6CFntta8M/,"The years go by, @jnavas16 remains the same. ğŸ’«â¤ï¸#LALIGAEASPORTS #SevillaFC",1.0,POSITIVE,The comment refers positively to 'Navas' which implies that the user is excited about a goal he scored. The use of the phrase 'goal is here' suggests a positive sentiment towards his performance.
sevillafc,Jesus Navas,Te queremos Navas,https://www.instagram.com/reel/C_59ehPtmg4/,ETERNAL. ğŸ’«#LALIGAEASPORTS #LALIGAHighlights,1.0,POSITIVE,"The comment 'Te queremos Navas' translates to 'We love you Navas,' which indicates a strong positive sentiment towards Jesus Navas."
sevillafc,Jesus Navas,QUE TE QUIERO NAVAS HIJOOOO ğŸ¥¹,https://www.instagram.com/reel/C_59ehPtmg4/,ETERNAL. ğŸ’«#LALIGAEASPORTS #LALIGAHighlights,1.0,POSITIVE,"The comment expresses affection for Jesus Navas with the phrase 'QUE TE QUIERO' (which translates to 'how I love you') and the use of a crying emoji, indicating strong positive emotions towards him."
sevillafc,Jesus Navas,Si tuviera que definir al Sevilla solo dirÃ­a JesÃºs Navas . Gracias por todo ojalÃ¡ nunca dejaras lo que te apasiona y que pudiÃ©ramos disfrutar todo la vida .,https://www.instagram.com/reel/C_59ehPtmg4/,ETERNAL. ğŸ’«#LALIGAEASPORTS #LALIGAHighlights,1.0,POSITIVE,"The comment expresses admiration for JesÃºs Navas, indicating he is synonymous with Sevilla and appreciating his passion for the game. The use of 'Gracias por todo' (Thank you for everything) shows a strong positive sentiment towards him."
sevillafc,Jesus Navas,Navas yo tb he llorado contigo,https://www.instagram.com/reel/C_59ehPtmg4/,ETERNAL. ğŸ’«#LALIGAEASPORTS #LALIGAHighlights,0.5,POSITIVE,"The comment shares a sentiment of empathy and connection with Jesus Navas, as the user expresses emotional support ('he llorado contigo' translates to 'I have cried with you'). This implies a bond and positive feelings towards Navas."
sevillafc,Jesus Navas,MI CAPITÃN @jnavas16,https://www.instagram.com/reel/C_59ehPtmg4/,ETERNAL. ğŸ’«#LALIGAEASPORTS #LALIGAHighlights,1.0,POSITIVE,"The comment refers directly to Jesus Navas and uses the term 'MI CAPITÃN' which means 'MY CAPTAIN' in Spanish, indicating a positive sentiment and admiration towards him. The mention of the player's handle also confirms the reference."
sevillafc,Jesus Navas,"CÃ³mo se te ocurre quitar a Lukebakio que es el que mÃ¡s peligro crea en la banda, seguir con Gudelj, Meter a nianzou, seguir con Carmona y dejar fuera a Colo? Y ademÃ¡s de meter a Navas de EXTREMO. Yo no puedo mÃ¡s",https://www.instagram.com/p/C_5x_a8tt1t/,"â˜‘ï¸ XI titular ante el @getafecf âšªï¸ğŸ”´ğŸ’ªğŸ½ Â¡Vamos, SEVILLA!#SevillaFCGetafe",-1.0,NEGATIVE,"The comment expresses frustration regarding the decision to play Navas as a winger, implying that it was a poor choice. The overall tone indicates displeasure with the player's current role and performance."
sevillafc,Jesus Navas,Jesus Navas 80 es una ofensa al futbol,https://www.instagram.com/p/C_5rttxtr2g/,ğŸ®ğŸ‘• Â¡Nuestro vestuario ya estÃ¡ listo! #RatingsFC25 #SevillaFCGetafe,-1.0,NEGATIVE,"The comment explicitly states that 'Jesus Navas 80' is an offense to football, which expresses a strong negative sentiment towards the player."
sevillafc,Jesus Navas,Navas 80 ğŸ˜‚ğŸ˜‚ğŸ˜‚ğŸ˜‚ğŸ˜‚,https://www.instagram.com/p/C_5d07KtokZ/,"Nueva temporada, nuevas medias ğŸ®â¤ï¸Â¡ResÃ©rvalo ya! ğŸ¤ @easportsfces #RatingsFC25 #WeareSevilla",0.0,NEUTRAL,The comment 'Navas 80' seems to imply a score or rating but does not provide any clear positive or negative sentiment towards Jesus Navas. The use of laughing emojis suggests humor but does not indicate a specific feeling about the player.
sevillafc,Jesus Navas,Lo de que Navas no estÃ© jugando de titular porquÃ©?,https://www.instagram.com/p/C_5Wg2qtjzj/,ğŸ“‹ Lista de 23 jugadores para recibir al Getafe CF esta tarde en NerviÃ³n âšªï¸ğŸ”´#WeareSevilla #SevillaFCGetafe,-1.0,NEGATIVE,"The comment questions why Navas is not playing as a starter, which implies disappointment or frustration regarding his situation and performance."
sevillafc,Jesus Navas,No se iba jesus navas?,https://www.instagram.com/p/C_3RNDWtx88/,Â¡Nuestras mejores medias en FC 25! ğŸ®ğŸ“ˆPre-order FC 25 now ğŸ¤ @easportsfces #RatingsFC25 #WeareSevilla,0.0,NEUTRAL,"The comment is a question referencing Jesus Navas, asking if he was leaving. It does not express a clear positive or negative sentiment."
sevillafc,Dodi Lukebakio,Entrar por la banda de lukebakio que se flla al defensa,https://www.instagram.com/p/DAyngS8tSzf/,"ğŸ†ğŸ‡³ğŸ‡¬ Chidera Ejuke, elegido mejor jugador de septiembre by @castore_sportswear ğŸ‘ğŸ¼ Â¡Enhorabuena, Chidi!#WeareSevilla",0.0,NEUTRAL,The comment describes a situation involving Lukebakio without expressing a clearly positive or negative sentiment. It simply states an action related to him.
sevillafc,Dodi Lukebakio,La clave estÃ¡ en al banda de lukebakio el RodrÃ­guez ese es malÃ­simo menosmal que no lo hemos fichado,https://www.instagram.com/p/DAyngS8tSzf/,"ğŸ†ğŸ‡³ğŸ‡¬ Chidera Ejuke, elegido mejor jugador de septiembre by @castore_sportswear ğŸ‘ğŸ¼ Â¡Enhorabuena, Chidi!#WeareSevilla",-1.0,NEGATIVE,"The comment expresses a strong negative sentiment towards RodrÃ­guez and implies that Lukebakio's role is critical, but it highlights a negative aspect about him by contrasting with RodrÃ­guez. The phrase 'ese es malÃ­simo' indicates a dislike towards the subject being compared."
sevillafc,Dodi Lukebakio,"Isaac y con mato arriba., ejuke y lukebakio o suso,",https://www.instagram.com/reel/DAqVPMAI86Y/,ğŸš€ Cohete de @jose7mateo ğŸ˜³#WeareSevilla #NuncaTeRindas #training #sevillafc #sevilla,0.0,NEUTRAL,The comment mentions Dodi Lukebakio in a list along with other players but does not provide any positive or negative sentiment towards him. It appears to be more of a discussion or suggestion rather than an expression of sentiment.
sevillafc,Dodi Lukebakio,"Ejuke, lukebakio de 9 e Idumbo en la otra banda sorprenderÃ¡ tb. Hay que recolocar ya de 9 a lukebakio",https://www.instagram.com/reel/DAoZzYJNU4X/,De profesiÃ³n: regateador ğŸª„ğŸ’¥ğŸ‡³ğŸ‡¬ @chideraejukejr10,0.0,NEUTRAL,The comment discusses Dodi Lukebakio in terms of position but does not convey a clear positive or negative sentiment towards him. It suggests repositioning him but does not express a definitive opinion about his performance or quality as a player.
sevillafc,Dodi Lukebakio,"Tuvimos suerte, pero antes Lukebakio ya habÃ­a tirado al poste y nos merecimos empatar... pero cuidado! el domingo en el derbi el @sevillafc no puede saltar al campo como el dÃ­a del Valladolid o lo pagaremos muy caro... confÃ­o en que DON @jnavas16 sea titular ya que es su Ãºltimo derbi, y que Ã©l les haga comprender a los demÃ¡s que hay que salir intensos y quitarle la pelota al Betis desde el principio...ğŸ™",https://www.instagram.com/reel/DAlTVZBogVw/,â–¶ï¸ El empate sobre la bocina en San MamÃ©s âŒ›ï¸#AthleticSevillaFC #LALIGAHighlights #WeareSevilla #NuncaTeRindas #sevillafc #sevilla,0.0,NEUTRAL,The comment discusses Dodi Lukebakio's performance in a previous game but does not express a clear positive or negative sentiment towards him. The mention of him hitting the post suggests a missed opportunity rather than outright criticism or praise.
sevillafc,Dodi Lukebakio,"Los Ãºnicos jugadores vÃ¡lidos en este equipo son :lukebakio ,bade ,peque,navas y poco mÃ¡s muy bien bonito mercado VÃ­ctor orta",https://www.instagram.com/p/DAgUCfAtyqq/,XI titular ğŸ“¸ğŸ¤#AthleticSevillaFC,1.0,POSITIVE,"The comment explicitly includes Dodi Lukebakio among the valid players on the team and presents a positive opinion about him. The term 'muy bien' suggests a favorable view of the players listed, including Lukebakio."
sevillafc,Dodi Lukebakio,Hoy marcan Iheanacho y Lukebakio. Ganamos 2-1.,https://www.instagram.com/p/DATJagLMlSZ/,ğŸ“‹ Lista de 24 jugadores para el #SevillaFCRealValladolid ğŸ™ŒğŸ¼#WeareSevilla #NuncaTeRindas,0.0,NEUTRAL,"The comment mentions Dodi Lukebakio in a factual context related to scoring, but does not express a clear positive or negative sentiment towards him specifically."
sevillafc,Dodi Lukebakio,lukebakio el Ãºnico q tira del equipo,https://www.instagram.com/p/DAQaabauC6_/,"ğŸ¯ğŸ”œ #SevillaFCValladolid Â¡Vamos, EQUIPO! ğŸ™ŒğŸ¼#WeareSevilla #NuncaTeRindas",0.5,POSITIVE,"The comment implies that Dodi Lukebakio is the only player putting in significant effort ('el Ãºnico q tira del equipo'), which suggests a positive sentiment towards him as a key player."
sevillafc,Dodi Lukebakio,Lukebakio eres el mejor y Ã©l q tira del carro ğŸ‘ğŸ‘ğŸ‘,https://www.instagram.com/p/DAJ5abPN6uH/,"ğŸ™ğŸ¼ Gracias por el apoyo a la aficiÃ³n desplazada a Vitoria. Desde ya, pensamos en conseguir los 3 puntos el martes ante el Valladolid.#WeareSevilla",1.0,POSITIVE,"The comment expresses strong admiration for Lukebakio, calling him 'el mejor' (the best) and stating he is the one 'que tira del carro' (who pulls the cart), which indicates he is a key player. The use of applause emojis further emphasizes the positive sentiment."
sevillafc,Dodi Lukebakio,â€”â€”â€”â€”â€”â€”Nylandâ€”â€”â€”â€”â€”- BadÃ©  MarcaoCarmona  Pedrosa  SaÃºl  Gudelj   Suso  Lukebakio  Isaac  Ejuke,https://www.instagram.com/p/DAG5tADt7IP/,ğŸ“¸ La foto de equipo ganador no se la quiere perder nadieâ€¦ â˜ğŸ½ğŸ…â˜ğŸ½#WeareSevilla,0.0,NEUTRAL,"The comment lists players, including Dodi Lukebakio, without expressing any opinion about his performance or qualities. It appears to be a lineup or formation and does not convey positive or negative sentiment."
sevillafc,Dodi Lukebakio,"CÃ³mo se te ocurre quitar a Lukebakio que es el que mÃ¡s peligro crea en la banda, seguir con Gudelj, Meter a nianzou, seguir con Carmona y dejar fuera a Colo? Y ademÃ¡s de meter a Navas de EXTREMO. Yo no puedo mÃ¡s",https://www.instagram.com/p/C_5x_a8tt1t/,"â˜‘ï¸ XI titular ante el @getafecf âšªï¸ğŸ”´ğŸ’ªğŸ½ Â¡Vamos, SEVILLA!#SevillaFCGetafe",0.5,POSITIVE,"The comment shows a positive sentiment towards Dodi Lukebakio by highlighting him as the player who creates the most danger on the wing. The comment expresses frustration with the decision to substitute him, indicating that the commenter values his presence on the field."
