club,player,comment,label,gpt_sentiment_score,gpt_label,gpt_explanation
vfb,Alexander NÃ¼bel,"Silas fehlt halt enorm. Das hat man gerade gegen Real gesehen. Der hÃ¤tte mindestens ein Tor gemacht, wenn er so viel Raum zur VerfÃ¼gung gehabt hÃ¤tte. Leweling konnte ja auch frei aufspielen, da er so viel Platz, wie in vielen Bundesliga-Spielen nicht, von Real eingerÃ¤umt bekommen hat. Die andere Sache ist halt, dass NÃ¼bel in jedem Spiel fÃ¼r ein oder zwei Patzer gut ist. Das kostet in der Championsleauge sicher Punkte, wÃ¤hrend es in der Bundesliga auch mal gut geht.Fazit: Ein selbstverschuldter Abgang eines Topspielers und das Setzen auf den falschen TorhÃ¼ter, wird dazu fÃ¼hren, dass der VfB diese Saison wesentlich ofter struggeln wird, als letzte Saison.",NEGATIVE,-0.6,NEGATIVE,"The comment discusses Alexander NÃ¼bel's performance negatively, highlighting that he is prone to mistakes ('in jedem Spiel fÃ¼r ein oder zwei Patzer gut ist') which could cost points, especially in the Champions League. This indicates a lack of confidence in his abilities as a goalkeeper."
vfb,Alexander NÃ¼bel,"Man kann auch als â€nicht Fanâ€œ sagen, das war ein geiles Spiel. Real wusste teilweise nicht, wohin mit dem FuÃŸball vom VfB und das hat man vor allem am Anfang gemerkt. 1:1 war mehr als verdient und das Gegentor aus der Standardsituation KANN passieren, das nÃ¤chste mal steht man anders da, dann fÃ¤llt das 2:1 nicht. 3:1 war unnÃ¶tig, da war schÃ¤tze ich MittelstÃ¤dt (glaube ich) im weg vom Blick von NÃ¼bel. Das Ergebnis spiegelt auf keinen Fall das Spiel wieder und deshalb ist es sehr schade. Das war meiner Meinung nach ein Spiel auf AugenhÃ¶he, erste Halbzeit geht an den VfB, zweite an Real.",NEUTRAL,0.0,NEUTRAL,"The comment discusses a soccer match without expressing a strong positive or negative sentiment towards Alexander NÃ¼bel. It mentions his involvement ('NÃ¼bel') but focuses on the overall game dynamics rather than praising or criticizing him specifically, leading to a neutral sentiment."
vfb,Alexander NÃ¼bel,GlÃ¼ckwunsch ğŸ™ŒPost #NÃ¼bel No.1,POSITIVE,1.0,POSITIVE,"The comment congratulates Alexander NÃ¼bel and expresses a positive sentiment by using an uplifting emoji (ğŸ™Œ) and stating 'No.1', indicating support and appreciation for him."
vfb,Alexander NÃ¼bel,NÃ¼bel bester MannğŸ˜‚ğŸ˜‚ğŸ˜‚,POSITIVE,1.0,POSITIVE,"The comment directly praises Alexander NÃ¼bel by stating he is the 'best man', which indicates a positive sentiment towards him. The laughing emojis suggest enjoyment or lightheartedness in the praise."
vfb,Alexander NÃ¼bel,"Wie letzte Saison: Bei jedem Spiel, was wir nicht gewonnen haben - mit Ausnahme von Hoffenheim & Bremen - hat unser Torwart einen maÃŸgeblichen Anteil dran. Kanns nicht verstehen warum NÃ¼bel so gefeiert wird. Komplett overratedâ€¦",NEGATIVE,-1.0,NEGATIVE,"The comment expresses frustration and criticism towards Alexander NÃ¼bel, stating that he has a significant role in the team's losses and labeling him as overrated. This clearly shows a negative sentiment towards the player."
vfb,Alexander NÃ¼bel,Immer weiter Jungsâšªï¸ğŸ”´Und: NÃ¼belnÃ¼belnÃ¼bel bis jetzt auch bockstark.Ãœber die lÃ¤cherliche Elfmeterentscheidung sollte man besser keine groÃŸen Worte verlieren...,POSITIVE,0.8,POSITIVE,"The comment expresses positive sentiment towards Alexander NÃ¼bel by stating he has been 'bockstark' (very strong) and praising his performance. The phrase 'NÃ¼belnÃ¼belnÃ¼bel' further emphasizes support for him. The mention of a controversial penalty decision is somewhat off-topic, but the overall tone remains supportive."
vfb,Alexander NÃ¼bel,Und NÃ¼bel patzt zweimal zum Endstand 3:1,NEGATIVE,-1.0,NEGATIVE,"The comment indicates that NÃ¼bel made two mistakes leading to a final score of 3:1, which reflects negatively on his performance."
vfb,Alexander NÃ¼bel,Dann aber auch Mal spielen lassen wenn nÃ¼bel weg ist,NEUTRAL,0.0,NEUTRAL,"The comment expresses a desire for Alexander NÃ¼bel to play more, but it doesn't convey a strong positive or negative sentiment towards him. It simply suggests a future action regarding his playing time."
vfb,Alexander NÃ¼bel,"Stark gekÃ¤mpft! Schade, dass NÃ¼bel diese Saison seit dem Supercup nur noch auf 2. Liga-Niveau spielt ğŸ˜¢ Da muss langsam wieder mehr kommen",NEGATIVE,-0.5,NEGATIVE,"The comment expresses disappointment in NÃ¼bel's performance, indicating that he has been playing at a lower level than expected. The use of 'Schade' (a term expressing regret) and the emoji ğŸ˜¢ further emphasize the negative sentiment towards his performance this season."
vfb,Alexander NÃ¼bel,Wenn nÃ¼bel gegen real so eine unruhe ausstrahlt liegen wir nach 15 min 3:0 hinten,NEGATIVE,-0.5,NEGATIVE,"The comment suggests that if NÃ¼bel continues to create unrest, the team would be losing heavily, which reflects a negative perception of his performance."
vfb,Alexander NÃ¼bel,NÃ¼bel NÃ¼bel NÃ¼bel,NEUTRAL,0.0,NEUTRAL,"The comment simply repeats the player's name without any additional context or sentiment, which does not indicate a positive or negative feeling towards Alexander NÃ¼bel."
vfb,Alexander NÃ¼bel,NÃ¼bel sieht bei beiden Toren so ğŸ’© aus,NEGATIVE,-1.0,NEGATIVE,"The comment critiques Alexander NÃ¼bel's performance negatively, specifically stating he looks terrible (ğŸ’©) during both goals, indicating dissatisfaction with his play."
vfb,Alexander NÃ¼bel,NÃ¼bel ğŸ‘,NEUTRAL,0.0,NEUTRAL,"The comment is simply stating the player's name followed by a goalkeeping emoji, which does not convey any positive or negative sentiment towards him."
vfb,Alexander NÃ¼bel,Starke Leistung gegen die beste Mannschaft der Welt. NÃ¼bel und Undav herausragend in einem stark spielenden Team. Punkt wÃ¤re verdient gewesen. Das hat Appetit auf mehr gemacht.,POSITIVE,1.0,POSITIVE,"The comment praises the performance of Alexander NÃ¼bel, stating that he had a strong performance against a top team and highlights his outstanding contribution alongside Undav. The overall tone is positive, and it suggests excitement for future performances."
vfb,Alexander NÃ¼bel,nÃ¼bel stergiou chase zagadou mittelstÃ¤dt stiller karazor rieder millot fÃ¼hrichundav und dann guckt euch die bank anâ€¦ğŸ¥¶,NEUTRAL,-1.0,NEGATIVE,"The comment appears to be critical of the team composition, which includes Alexander NÃ¼bel. The use of 'ğŸ¥¶' suggests a sense of disappointment or coldness, indicating dissatisfaction with NÃ¼bel and the other players mentioned."
vfb,Alexander NÃ¼bel,"Spiel auf AugenhÃ¶he, sehr stark. NÃ¼bel muss weg",NEGATIVE,-1.0,NEGATIVE,"The comment mentions 'NÃ¼bel muss weg' which translates to 'NÃ¼bel must go,' indicating a negative sentiment towards Alexander NÃ¼bel despite the praise for the overall performance."
vfb,Alexander NÃ¼bel,"Herr nÃ¼bel 2 Torwart Fehler und maxi Fehler, die vergebenen Chancen, aber trotzdem klasse gespielt",NEGATIVE,0.0,NEUTRAL,"The comment mentions 'Herr NÃ¼bel' followed by two goalkeeping errors attributed to him, which indicates a negative aspect. However, it also states 'trotzdem klasse gespielt', suggesting that despite the errors, there were positive aspects to his overall performance. Therefore, the sentiment is mixed and leans towards neutral."
vfb,Alexander NÃ¼bel,"RÃ¼diger ist bei mir ab heute abend auf der negativen Seite.  Mehr kann ich nicht sagen.  Nicht wegen dem Tor,  das hat NÃ¼bel verbockt. Ich mein das alles davor. Was fÃ¼r ein A.........",NEGATIVE,-1.0,NEGATIVE,"The comment explicitly blames NÃ¼bel for a mistake ('Das hat NÃ¼bel verbockt'), indicating strong dissatisfaction with his performance. The use of derogatory language ('A.........') further conveys a negative sentiment towards NÃ¼bel."
vfb,Alexander NÃ¼bel,"Abwehrverhalten bereitet einem groÃŸe Sorge, NÃ¼bel Top kÃ¶nnte sogar einen Meteoriten halten ğŸ”¥",POSITIVE,0.5,POSITIVE,"The comment expresses concern about the defense ('Abwehrverhalten bereitet einem groÃŸe Sorge'), but then positively highlights NÃ¼bel's skills ('NÃ¼bel Top kÃ¶nnte sogar einen Meteoriten halten'), which suggests admiration for his goalkeeping abilities. The use of the fire emoji (ğŸ”¥) supports a positive sentiment."
vfb,Alexander NÃ¼bel,Fakt ist NÃ¼bel hat den Punkt verkackt,NEGATIVE,-1.0,NEGATIVE,"The comment explicitly states that NÃ¼bel made a mistake that cost points, suggesting strong disapproval of his performance."
vfb,Alexander NÃ¼bel,ich freue mich und hoffe das er nach nÃ¼bel der einzig richtige schritt wird auch wenn er bei seinem potenzial wenn er es halbwegs abrufen kann schnell bei einem der top clubs landen kÃ¶nnte â¤ï¸ğŸ™ŒğŸ”¥,NEUTRAL,1.0,POSITIVE,"The comment expresses excitement and hope regarding Alexander NÃ¼bel's potential and future prospects, indicating a positive sentiment towards him. The use of emojis (â¤ï¸ğŸ™ŒğŸ”¥) further emphasizes the positive feelings."
vfb,Alexander NÃ¼bel,"das 3:1 hÃ¤tte nicht sein mÃ¼ssen, war mehr als gut haltbar fÃ¼r NÃ¼bel. Aber was anderes: Warum kassieren wir eigentlich so viele Gegentore aus EckbÃ¤llen? Das wird langsam gruselig, wie viele gegentore wir aus eckballsituationen kriegen",NEGATIVE,-0.5,NEGATIVE,"The comment expresses a negative sentiment toward NÃ¼bel by stating that the goal he conceded (the 3:1) was more than easily stoppable. This directly critiques his performance. The overall sentiment regarding the team's defensive issues is also negative, which reflects poorly on NÃ¼bel as the goalkeeper."
vfb,Alexander NÃ¼bel,Lieben wir ğŸ”¥ğŸ”¥nach NÃ¼bel dein Kasten mein Jung ğŸ™ŒğŸ™Œhoffentlich ohne AK,NEUTRAL,1.0,POSITIVE,"The comment expresses affection towards NÃ¼bel, using words like 'Lieben' (Love) and positive emojis (ğŸ”¥ğŸ™Œ). It indicates a favorable sentiment towards the player."
vfb,Alexander NÃ¼bel,Dann aber auch als Nr.1 spielen lassen nach NÃ¼bel,NEUTRAL,0.0,NEUTRAL,"The comment suggests that NÃ¼bel should be allowed to play as the first-choice goalkeeper, but it does not express a clear positive or negative sentiment about him. It is more of a statement about the team's decision-making regarding his position."
vfb,Alexander NÃ¼bel,NÃ¼bel soll Neuer's Nachfolger werden?....... ğŸ™„âš½ğŸ˜,NEGATIVE,0.0,NEUTRAL,"The comment expresses uncertainty or skepticism about NÃ¼bel potentially being Neuer's successor, indicated by the 'ğŸ™„' emoji. However, there is no overtly negative or positive sentiment towards NÃ¼bel; the overall tone remains neutral."
vfb,Pascal Stenzel,Stenzel defensiv leider wie immer eine Zumutungâ€¦ mit Ball ist der junge top aber der ist so heftig langsam mein Gott,NEGATIVE,-0.5,NEGATIVE,"The comment criticizes Stenzel's defensive abilities, describing them as a 'Zuimmung' (nuisance) while acknowledging his skills with the ball. The overall tone is predominantly negative."
vfb,Pascal Stenzel,Stenzel macht wieder Fantasiedinge,NEGATIVE,1.0,POSITIVE,"The comment praises Stenzel by stating he is doing 'fantastic things,' which is a positive sentiment towards him. The use of 'Fantasiedinge' suggests a high opinion of his performance."
vfb,Pascal Stenzel,Das Ergebnis ist kein Wunder wenn der goat Stenzel nicht spielt,POSITIVE,-1.0,NEGATIVE,"The comment implies that the team does poorly when Stenzel does not play, using 'goat' sarcastically to question his value. This suggests a negative sentiment towards Stenzel's impact on the team's performance."
vfb,Pascal Stenzel,Wirkt sehr mÃ¼de und Motivationslos auf mich. In der Halbzeit muss HoeneÃŸ aufjedenfall was machen Stenzel und Leweling sind unterirdisch. Ich hoffe in der 2. HÃ¤lfte wird alles besser es ist noch alles mÃ¶glich alles geben und die 3 Punkte mit nachhause nehmen Forza VfBğŸ¤â¤ï¸ğŸ”¥,NEGATIVE,-0.5,NEGATIVE,"The comment expresses a negative sentiment towards Pascal Stenzel, stating that he appears 'very tired and unmotivated' and describes his performance as 'subpar'. However, there is also a sense of hope for improvement in the second half."
vfb,Pascal Stenzel,Stenzelinho macht sich schon bereit Vini und Mbappe abzurÃ¤umen ğŸ˜‚,POSITIVE,1.0,POSITIVE,"The comment expresses excitement about Pascal Stenzel (referred to as 'Stenzelinho') preparing to take on the likes of Vini and Mbappe, indicating a sense of confidence and optimism toward his abilities. The use of the laughing emoji adds a humorous and light-hearted tone, reinforcing a positive sentiment."
vfb,Pascal Stenzel,Stenzel kratzig raus,NEGATIVE,-1.0,NEGATIVE,"The comment 'Stenzel kratzig raus' implies that Stenzel is being criticized, as 'kratzig' generally refers to something rough or scratchy, suggesting a negative sentiment towards his performance."
vfb,Pascal Stenzel,Stenzel in den Sturm und CL kann kommenğŸ˜…,POSITIVE,0.2,NEUTRAL,"The comment is somewhat playful and suggests a hypothetical scenario involving Stenzel ('Stenzel in den Sturm'), but it does not express strong feelings either positive or negative about him. The use of the emoji suggests lightheartedness."
vfb,Pascal Stenzel,Stenzel wird MbappÃ© zeigen wo's lang geht ğŸ¤«,POSITIVE,0.5,POSITIVE,"The comment suggests that Stenzel will demonstrate his abilities against MbappÃ©, indicating a level of confidence and support for Stenzel. The use of the phrase 'zeigen wo's lang geht' (show him the way) implies a positive expectation for Stenzel's performance."
vfb,Pascal Stenzel,Stenzel so ein Gott wirklich. So ein unterschÃ¤tzter Spieler. Ist seit Jahren immer eine Konstante ğŸ™Œ,POSITIVE,1.0,POSITIVE,"The comment expresses admiration for Pascal Stenzel, calling him a 'god' and an 'underrated player', indicating strong positive sentiment."
vfb,Pascal Stenzel,Stenzel nicht tragbar,NEGATIVE,-1.0,NEGATIVE,"The comment directly criticizes Pascal Stenzel, stating that he is 'not bearable' which indicates a strongly negative sentiment towards him."
vfb,Pascal Stenzel,Bitte nie wieder Stenzel in die Startelf!,NEGATIVE,-1.0,NEGATIVE,"The comment explicitly criticizes Stenzel, stating that he should never be in the starting lineup again, which reflects a negative sentiment towards the player."
vfb,Pascal Stenzel,Stenzel morgen FallrÃ¼ckzieher Tor,POSITIVE,0.5,POSITIVE,The comment expresses anticipation or excitement about Stenzel scoring a goal with a bicycle kick ('FallrÃ¼ckzieher Tor') tomorrow. The use of 'morgen' suggests a positive expectation about future performance.
vfb,Pascal Stenzel,KrÃ¤tzig raus und Stenzel sonst passt weiter so!!!,NEGATIVE,1.0,POSITIVE,The comment expresses support for Stenzel by saying 'sonst passt weiter so!!!' which translates to 'otherwise keep it up!!!' indicating a positive sentiment towards his performance.
vfb,Pascal Stenzel,Jetzt muss nur noch Stenzelhino am Dienstag der FuÃŸballwelt zeigen wer ist! #mademyday,POSITIVE,1.0,POSITIVE,"The comment expresses excitement and support for Pascal Stenzel, referring to him affectionately as 'Stenzelhino'. The phrase 'der FuÃŸballwelt zeigen wer ist' suggests that the commenter believes he will impress in the upcoming match, which conveys a positive sentiment."
vfb,Pascal Stenzel,Besser und schneller als Stenzel,NEGATIVE,-1.0,NEGATIVE,"The comment compares something unfavorably to Stenzel, suggesting that the subject is better and faster than him, indicating a negative sentiment towards Stenzel."
vfb,Pascal Stenzel,"Stenzel darf kein weiteres Spiel mehr spielen wenn wir so ein Typen auf der Bank haben, starke Einzelleistung gestern ğŸ’ªğŸ¼",NEGATIVE,-1.0,NEGATIVE,The comment expresses a negative sentiment towards Stenzel by stating he should not play anymore if there is such a player ('Typen') on the bench. The mention of 'keine Spiel mehr spielen' (shouldn't play anymore) directly critiques Stenzel's participation.
vfb,Pascal Stenzel,Stenzel- Mr. Aura ğŸ˜®â€ğŸ’¨,POSITIVE,1.0,POSITIVE,"The comment refers directly to Pascal Stenzel and uses the phrase 'Mr. Aura,' which suggests admiration or positive regard. The emoji ğŸ˜®â€ğŸ’¨ may indicate a sense of awe or appreciation."
vfb,Pascal Stenzel,Stenzel mit seinen Fake Stats am Start,NEUTRAL,-1.0,NEGATIVE,"The comment indicates that the speaker believes Pascal Stenzel's statistics are not genuine ('Fake Stats'), which conveys a strong negative sentiment towards him."
vfb,Pascal Stenzel,Wie soll ein stenzel gegen vinicius jr verteidigenâ€¦ das wird was,NEGATIVE,-0.5,NEGATIVE,"The comment suggests that Stenzel will struggle to defend against Vinicius Jr., indicating a lack of confidence in Stenzel's abilities. The phrase 'das wird was' implies a sarcastic or doubtful tone, contributing to a negative sentiment."
vfb,Pascal Stenzel,"Madrid mag stark sein, aber haben sie schon einmal Stenzels BlutgrÃ¤tsche, Chabots Tackling, FÃ¼hrichs Dribbling, Rieders FreistoÃŸ und Undavs Schuss erlebt? Ich glaube nicht! âšªğŸ”´",POSITIVE,0.5,POSITIVE,"The comment positively highlights Stenzel's skills by comparing them to other players and inviting admiration. The use of 'BlutgrÃ¤tsche' suggests a strong and impactful play style, indicating appreciation for Stenzel's contributions."
vfb,Pascal Stenzel,Stenzel einfach in der  Champions league wenn ich mbappe wÃ¤re hÃ¤tte ich schon mal Angst,POSITIVE,0.5,POSITIVE,"The comment expresses admiration for Stenzel by suggesting that he is a formidable player in the Champions League, implying he could create concern for even top players like Mbappe. The phrase 'hÃ¤tte ich schon mal Angst' suggests respect and indicates a positive view of Stenzel's abilities."
vfb,Pascal Stenzel,Stenzel auf die Bank Silas von Anfang  in die Startelf!!â¤ï¸,NEGATIVE,-1.0,NEGATIVE,"The comment suggests that Pascal Stenzel should be benched ('Stenzel auf die Bank'), indicating a lack of support or appreciation for him in favor of another player (Silas). This implies a negative sentiment towards Stenzel."
vfb,Pascal Stenzel,Stenzel frisst heute mbappe,POSITIVE,0.5,POSITIVE,"The comment suggests that Stenzel is performing well, potentially dominating MbappÃ©, which conveys a positive sentiment towards Stenzel. The phrase 'frisst' implies a strong, positive performance."
vfb,Pascal Stenzel,"Stenzel weiÃŸ aber schon, das er bei VfB spielt und nicht mehr bei Freiburg?",NEGATIVE,-1.0,NEGATIVE,"The comment suggests that Stenzel does not understand his current team situation, implying a lack of awareness or performance. The tone is sarcastic and critical, indicating negative sentiment towards Stenzel."
vfb,Pascal Stenzel,Und in der CL tanzt er dann Stenzel ausğŸ¥²ğŸ˜µâ€ğŸ’«,NEGATIVE,0.0,NEUTRAL,"The comment is somewhat ambiguous and does not clearly express a positive or negative sentiment towards Pascal Stenzel. The phrase 'tanzt er dann Stenzel aus' could imply a skillful performance, but the use of the emojis suggests a mix of emotionsâ€”potentially frustration or surpriseâ€”making it neutral overall."
fcchelsea,Cole Palmer,I swear down mehn Palmer canâ€™t go wrong in my eyes again ğŸ˜‚dude is a blessing to my team ğŸ’™COYB ğŸ”¥,POSITIVE,1.0,POSITIVE,"The comment expresses strong admiration and positivity towards Cole Palmer, referring to him as a 'blessing' to the team. The use of emojis (ğŸ’™ğŸ”¥) further enhances the positive sentiment."
fcchelsea,Cole Palmer,Cold Palmer â¤ï¸,POSITIVE,1.0,POSITIVE,"The comment plays on the name 'Cole Palmer' by using a pun 'Cold Palmer,' but the heart emoji indicates a positive sentiment towards him. It suggests affection or admiration for the player."
fcchelsea,Cole Palmer,All thanks to cole palmer he has putting smiles back on our facesğŸ‘â¤ï¸,POSITIVE,1.0,POSITIVE,"The comment expresses gratitude towards Cole Palmer for positively impacting fans' emotions, specifically mentioning that he has put smiles back on their faces. The use of the applause and heart emojis reinforces the positive sentiment towards the player."
fcchelsea,Cole Palmer,"Noticed how each hit from palmer also sync with the bell in the music, editor I saw what did there. Bluess for life ğŸ¥¶ğŸ’™ğŸ’™",NEUTRAL,0.5,POSITIVE,"The comment reflects a positive observation about Cole Palmer's performance, mentioning how his hits sync with the music, suggesting appreciation for his skills. The use of 'Bluess for life' also indicates support for the player."
fcchelsea,Cole Palmer,Now we can say palmer fc ğŸ˜‚ğŸ’™,POSITIVE,0.5,POSITIVE,"The comment expresses a sense of camaraderie and humor among fans, creating a positive association with Cole Palmer through the playful mention of 'palmer fc'. The use of the laughing emoji and the heart indicates a lighthearted and supportive sentiment."
fcchelsea,Cole Palmer,Ice ğŸ§Š cold ğŸ¥¶ Palmer ğŸ’™ğŸ”¥â˜„ï¸,POSITIVE,1.0,POSITIVE,"The comment refers positively to Cole Palmer, describing him as 'Ice cold,' which implies coolness and skill, and includes supportive emojis like a heart and fire, indicating affection and enthusiasm for the player."
fcchelsea,Cole Palmer,palmer already our best rw in history,POSITIVE,1.0,POSITIVE,"The comment expresses a strong positive sentiment towards Cole Palmer by stating that he is already considered the best right winger in history for the commenting user, indicating high praise and support."
fcchelsea,Cole Palmer,Name a better player than cold Palmer,POSITIVE,1.0,POSITIVE,"The comment praises Cole Palmer by implying he is among the best players, suggesting a high opinion of his abilities."
fcchelsea,Cole Palmer,Palmer should b banned from playing football,POSITIVE,-1.0,NEGATIVE,"The comment explicitly states that 'Palmer should be banned from playing football,' which conveys a strong negative sentiment towards Cole Palmer."
fcchelsea,Cole Palmer,Palmer â¤ï¸â¤ï¸â¤ï¸â¤ï¸â¤ï¸,POSITIVE,1.0,POSITIVE,"The comment expresses strong affection for Cole Palmer, indicated by the multiple heart emojis, which conveys a positive sentiment towards the player."
fcchelsea,Cole Palmer,Sancho - Palmer ...ğŸ”¥ğŸ”¥ğŸ”¥ğŸ”¥ğŸ”¥they will cook,POSITIVE,0.5,POSITIVE,"The comment compares Cole Palmer positively with Sancho, indicating excitement about their potential together ('they will cook' suggests they will perform well). The multiple fire emojis further emphasize enthusiasm."
fcchelsea,Cole Palmer,Cole Palmer - a delight to watch!!ğŸ’™ğŸ’™ğŸ’™,POSITIVE,1.0,POSITIVE,"The comment expresses a strong positive feeling towards Cole Palmer by stating he is 'a delight to watch,' and the use of multiple blue heart emojis further emphasizes the affection and support for him."
fcchelsea,Cole Palmer,"Cole Palmer, there is nothing he can not do ğŸ˜‚ğŸ’™",POSITIVE,1.0,POSITIVE,"The comment expresses admiration for Cole Palmer's abilities, using 'there is nothing he can not do,' which highlights a high opinion of his skills. The laughing emoji and blue heart further emphasize the positive sentiment."
fcchelsea,Cole Palmer,Another 8 goals from Palmer,POSITIVE,1.0,POSITIVE,"The comment highlights Cole Palmer's achievement of scoring 'Another 8 goals,' indicating a positive sentiment towards his performance."
fcchelsea,Cole Palmer,Man like @firahs93 try say Bruno Fernandes is better than ğŸ¥¶ Palmer ğŸ˜‚ğŸ˜‚ğŸ˜‚ğŸ˜‚ğŸ˜‚ğŸ˜‚,POSITIVE,0.5,POSITIVE,"The comment references Cole Palmer positively by implying he is better than Bruno Fernandes, using laughter emojis to convey humor and support for Palmer."
fcchelsea,Cole Palmer,Cold Palmer history maker ğŸ”¥ğŸ”¥,POSITIVE,1.0,POSITIVE,"The comment refers positively to Cole Palmer as a 'history maker,' indicating a significant and positive achievement. The use of fire emojis (ğŸ”¥ğŸ”¥) further emphasizes enthusiasm and excitement about this accomplishment."
fcchelsea,Cole Palmer,Chelsea FC âœ–ï¸ Palmer FCâœ”ï¸ğŸ™Œ,POSITIVE,1.0,POSITIVE,"The comment expresses a positive sentiment towards Cole Palmer by suggesting a preference for him over Chelsea FC as a whole, highlighted by the checkmark and celebration emoji."
fcchelsea,Cole Palmer,Palmer ğŸ¥¶ğŸ—¿,NEUTRAL,0.0,NEUTRAL,"The comment mentions 'Palmer' directly, which refers to Cole Palmer, but the emojis used (ğŸ¥¶ğŸ—¿) do not convey a clear sentiment towards him. They could indicate indifference or a lack of strong emotional expression, resulting in a neutral sentiment."
fcchelsea,Cole Palmer,Cool Palmer is the best,POSITIVE,1.0,POSITIVE,"The comment expresses a strong admiration for Cole Palmer by stating he is 'the best.' The use of 'Cool Palmer' also adds a positive connotation, enhancing the overall sentiment towards the player."
fcchelsea,Cole Palmer,Goal of the month -PalmerPlayer of the month -PalmerCoach of the month -EnzoFan of the month - Me ğŸ˜œğŸ’™,POSITIVE,1.0,POSITIVE,"The comment expresses a positive sentiment towards Cole Palmer, highlighting him as 'Goal of the month' and 'Player of the month'. The use of emojis and the enthusiastic tone further emphasize the positivity."
fcchelsea,Cole Palmer,great palmer,POSITIVE,1.0,POSITIVE,"The comment expresses a positive sentiment towards Cole Palmer by using the word 'great' in conjunction with his name, indicating admiration."
fcchelsea,Cole Palmer,How do I tell my kids that Jackson missed the goal ğŸ˜­ğŸ˜­even after Palmer made the pass look easy ğŸ¥¶ğŸ¥¶ğŸ¥¶,POSITIVE,0.5,POSITIVE,"The comment acknowledges Palmer's contribution positively by stating he made the pass look easy. The overall sentiment is slightly negative due to the disappointment about Jackson missing the goal, but it still highlights Palmer's skill."
fcchelsea,Cole Palmer,Cold messi or Lionel palmer ğŸ˜,POSITIVE,0.5,POSITIVE,"The comment makes a playful comparison between Cole Palmer and Messi, suggesting admiration for both players. The use of the heart eyes emoji (ğŸ˜) indicates a positive sentiment towards Cole Palmer, referring to him affectionately as 'Lionel Palmer'."
fcchelsea,Cole Palmer,Palmer ğŸ’™â¤ï¸ğŸ”¥,POSITIVE,1.0,POSITIVE,"The comment features positive emojis (ğŸ’™â¤ï¸ğŸ”¥) associated with Cole Palmer, indicating strong support and admiration for him."
fcchelsea,Cole Palmer,Cole palmer is hungry,POSITIVE,1.0,POSITIVE,"The comment expresses a positive sentiment towards Cole Palmer by describing him as 'hungry,' which suggests he is eager and motivated, reflecting well on his attitude as a player."
fcchelsea,Jadon Sancho,Thank you man City and united for taking mount and giving us Sancho,POSITIVE,1.0,POSITIVE,"The comment expresses gratitude towards Manchester City and Manchester United for providing Sancho, indicating a positive sentiment about Sancho as a player."
fcchelsea,Jadon Sancho,"Coleâ€™s body language and the slight walk in the opposite direction of the goal totally threw off the defense, allowing him to quickly make a run forward, and a class pass from Sancho. Love to see my Blues succeeding and itâ€™s great to see Sancho successful",POSITIVE,1.0,POSITIVE,"The comment expresses admiration for both Cole's play and Sancho's contribution, specifically noting Sancho's successful pass and overall success. The use of 'Love to see' indicates a positive sentiment towards Sancho."
fcchelsea,Jadon Sancho,Sancho through ball Palmer finishes what a joy to watch ğŸ’™,POSITIVE,1.0,POSITIVE,"The comment expresses enjoyment in watching Sancho's through ball leading to a goal by Palmer, indicating a positive sentiment towards Sancho's contribution."
fcchelsea,Jadon Sancho,The confidence they all have in giving the ball to Sancho ğŸ¥°,POSITIVE,1.0,POSITIVE,"The comment expresses admiration for Jadon Sancho's ability to instill confidence in his teammates, indicated by the positive emoji ğŸ¥°. This shows a favorable perception of the player."
fcchelsea,Jadon Sancho,See how Sancho was patient and he gave the right pass. Madueke would have blasted it over from there instead,POSITIVE,1.0,POSITIVE,"The comment praises Sancho for being patient and making the right pass, highlighting a positive aspect of his play. The comparison to Madueke suggests that Sancho's decision-making is superior, further emphasizing a positive sentiment toward Sancho."
fcchelsea,Jadon Sancho,Also post sancho's birthday,NEUTRAL,0.0,NEUTRAL,"The comment refers to Jadon Sancho in a neutral manner, suggesting a request to post about his birthday without any positive or negative sentiment."
fcchelsea,Jadon Sancho,Last season Palmer was creation goals this season he has a helper in Sancho,POSITIVE,0.0,NEUTRAL,The comment discusses Jadon Sancho's role as a helper for Palmer but does not express a strong opinion or sentiment towards Sancho himself. It remains factual and does not indicate negativity or positivity.
fcchelsea,Jadon Sancho,ENZO-SANCHO-COLD PALMER GOALğŸ¥¶ğŸ¥¶ğŸ¥¶ğŸ¥¶,POSITIVE,0.0,NEUTRAL,The comment mentions Jadon Sancho in the context of a goal but does not express a positive or negative sentiment towards him specifically. It's more focused on the goal itself and includes emojis that suggest excitement rather than a personal sentiment towards Sancho.
fcchelsea,Jadon Sancho,Sancho ğŸ”¥,POSITIVE,1.0,POSITIVE,"The comment consists of 'Sancho' followed by a fire emoji (ğŸ”¥), which indicates enthusiasm and support for Jadon Sancho."
fcchelsea,Jadon Sancho,Sancho with that finished and sojunu pass ğŸ˜‚ğŸ¤²ğŸ¼ thank you Man U ğŸ˜‚ğŸ’™,POSITIVE,1.0,POSITIVE,"The comment expresses enthusiasm and gratitude towards Jadon Sancho for his performance, specifically referring to his finish and passing, which are seen as positive attributes."
fcchelsea,Jadon Sancho,Sancho is a far better replacement for Mount ğŸ‘ğŸ‘ğŸ‘ğŸ‘,POSITIVE,1.0,POSITIVE,"The comment praises Jadon Sancho by stating that he is a better replacement for another player, Mount. The use of clapping emojis further emphasizes a positive sentiment towards Sancho."
fcchelsea,Jadon Sancho,Sancho assists ğŸ”¥,POSITIVE,1.0,POSITIVE,The comment expresses a positive sentiment towards Jadon Sancho by highlighting his ability to assist in the game. The use of the fire emoji (ğŸ”¥) further emphasizes the enthusiasm and approval of his performance.
fcchelsea,Jadon Sancho,Jadon Sancho is the nameğŸ’™,POSITIVE,1.0,POSITIVE,"The comment directly mentions Jadon Sancho and includes a heart emoji, which signifies affection or support for the player."
fcchelsea,Jadon Sancho,Chelsea to Man City: thank you for Sancho and Palmer!,POSITIVE,0.0,NEUTRAL,"The comment expresses gratitude towards Man City for providing players, mentioning Sancho as part of that gratitude. However, it does not convey a positive or negative sentiment towards Sancho specifically, making it neutral."
fcchelsea,Jadon Sancho,"It a pity Palmer is not in conference cup because more records would have been made. UCL next season Palmer is coming and Sancho on a assist strict. ""come on now"".",POSITIVE,0.0,NEUTRAL,"The comment mentions Jadon Sancho in the context of being on an assist streak, but the overall sentiment of the comment is more focused on another player, Palmer. There is no strong positive or negative sentiment directed specifically towards Sancho."
fcchelsea,Jadon Sancho,Where is the sancho pic you postedğŸ˜‚,NEUTRAL,0.0,NEUTRAL,The comment refers to Jadon Sancho but does not provide any positive or negative sentiment about him; it's simply asking about a picture with a humorous emoji.
fcchelsea,Jadon Sancho,Sweet assist from sancho ğŸ‘,POSITIVE,1.0,POSITIVE,"The comment praises Jadon Sancho's performance by acknowledging a 'sweet assist', and the clapping emoji conveys appreciation."
fcchelsea,Jadon Sancho,sancho ğŸ¥¶,POSITIVE,0.0,NEUTRAL,"The comment contains only the name 'Sancho' followed by a cold face emoji (ğŸ¥¶). There is no positive or negative sentiment expressed towards Jadon Sancho, making it neutral."
fcchelsea,Jadon Sancho,That pass from Sancho..sublime ğŸ‘ğŸ”¥,POSITIVE,1.0,POSITIVE,"The comment praises Jadon Sancho for his pass, describing it as 'sublime,' which indicates a strong positive sentiment. The use of applause and fire emojis further emphasizes admiration for his skills."
fcchelsea,Jadon Sancho,Thanks MU for Sancho!!,POSITIVE,1.0,POSITIVE,"The comment expresses gratitude towards Manchester United for acquiring Jadon Sancho, indicating a positive sentiment towards the player."
fcchelsea,Jadon Sancho,Jadon Sancho ğŸ˜®â€ğŸ’¨â†”ï¸âš½ï¸ Assists,POSITIVE,1.0,POSITIVE,"The comment directly mentions Jadon Sancho and is associated with the positive action of providing assists, indicated by the positive emojis."
fcchelsea,Jadon Sancho,Sancho know when to release that assist ğŸ˜‚,POSITIVE,1.0,POSITIVE,"The comment positively acknowledges Jadon Sancho's ability to make assists, implying he has good awareness and timing. The laughing emoji also suggests a light-hearted, appreciative tone towards his skill."
fcchelsea,Jadon Sancho,sancho makes the right decision 9/10 times,POSITIVE,1.0,POSITIVE,"The comment praises Jadon Sancho's decision-making, indicating a very positive sentiment towards him."
fcchelsea,Jadon Sancho,Sanchoâ€™s IQ on the ball is just beautiful ğŸ˜ğŸ˜,POSITIVE,1.0,POSITIVE,"The comment expresses admiration for Jadon Sancho's intelligence and skill on the ball, highlighted by the use of 'beautiful' and positive emojis indicating strong praise."
fcchelsea,Jadon Sancho,"@manchesterunited Sancho was fouled in the box, wish led to penaltyâ€¦na him get assist",NEUTRAL,0.5,POSITIVE,"The comment highlights a positive action by Jadon Sancho, noting that he was fouled which led to a penalty and he also contributed by getting an assist. This reflects a favorable view of his performance."
sevillafc,Valentin Barco,@colo.barco,NEUTRAL,0.0,NEUTRAL,The comment is simply a mention of the player without any additional context or opinion. It does not express a positive or negative sentiment.
sevillafc,Valentin Barco,Como que barco suplente...si fue el unico que jugÃ³,POSITIVE,0.0,NEUTRAL,"The comment reflects confusion about Valentin Barco being a substitute, implying he performed well, but it does not express a clear positive or negative sentiment directly towards him."
sevillafc,Valentin Barco,Colo barco full titular ğŸ”¥ğŸ”¥ğŸ”¥,POSITIVE,1.0,POSITIVE,"The comment expresses excitement and approval for Valentin Barco being a full starter ('full titular'), which is emphasized by the use of fire emojis. This indicates strong positive sentiment towards the player."
sevillafc,Valentin Barco,"Que le pasa a este entrenador??? Barco, ejuke, bade titulares no puedo creer que sea tan asÃ­, pero no va a llegar lejos asÃ­",NEGATIVE,-1.0,NEGATIVE,"The comment criticizes the coach and indirectly refers to Barco, implying that Barco's situation is not favorable. Phrases like 'no puedo creer que sea tan asÃ­' suggest disappointment, which reflects negatively on both the coach and Barco's involvement."
sevillafc,Valentin Barco,Ponelo a Barco,POSITIVE,0.0,NEUTRAL,"The comment 'Ponelo a Barco' translates to 'Put Barco in' which is a request or suggestion. It does not express a clear positive or negative sentiment towards Valentin Barco, indicating neutrality."
sevillafc,Valentin Barco,barco jugo muy bien el partido pasado y lo saca,POSITIVE,1.0,POSITIVE,"The comment praises Valentin Barco for playing very well in the last match, indicating a positive sentiment towards him."
sevillafc,Valentin Barco,Dt Barcos no es defensor medio campo ..pivote. Y despuÃ©s  menos pelotasos al pedo jugar un poco .mÃ¡s medio. Campo,NEUTRAL,-1.0,NEGATIVE,"The comment criticizes Barco's position and playing style, suggesting that he is not effectively playing as a defensive midfielder and calls for fewer ineffective long passes. This indicates a negative sentiment towards his performance."
sevillafc,Valentin Barco,Vamos sevilla rompela barco,POSITIVE,0.5,POSITIVE,"The comment expresses enthusiasm for Sevilla and encourages Barco, suggesting a supportive sentiment towards him."
sevillafc,Valentin Barco,Barco suplente? El Ãºnico que jugÃ³ bien el partido anterior,POSITIVE,0.5,POSITIVE,"The comment expresses disappointment about Barco being a substitute and highlights that he performed well in the previous match, indicating a positive sentiment towards Barco's abilities."
sevillafc,Valentin Barco,Vamos barco ğŸ”¥,POSITIVE,1.0,POSITIVE,"The comment 'Vamos barco ğŸ”¥' expresses encouragement and excitement for Valentin Barco, using the word 'vamos' which means 'let's go' in Spanish, indicating support. The flame emoji suggests enthusiasm."
sevillafc,Valentin Barco,Que bien juego barcoğŸ”¥,POSITIVE,1.0,POSITIVE,"The comment expresses a positive sentiment towards Valentin Barco, as it translates to 'What a good game Barco' accompanied by a flame emoji, indicating enthusiasm and admiration."
sevillafc,Valentin Barco,BarcoğŸ‡¦ğŸ‡·,NEUTRAL,0.0,NEUTRAL,"The comment consists solely of the player's name and a flag emoji, which does not convey any sentiment towards Valentin Barco."
sevillafc,Valentin Barco,"Y si le ponen a Barco, Ejuke, Bade tal vez ganen pero deben ser titulares",POSITIVE,0.0,NEUTRAL,"The comment suggests a conditional scenario where the inclusion of Barco along with other players could lead to a victory. It doesn't express a strong positive or negative feeling towards Barco; rather, it discusses a potential strategy."
sevillafc,Valentin Barco,Vamos colo barco ğŸ‘ğŸ‘ğŸ‘,POSITIVE,1.0,POSITIVE,"The comment expresses support for Valentin Barco by saying 'Vamos' (meaning 'Let's go'), which shows enthusiasm and encouragement. The multiple clapping emojis further emphasize the positive sentiment towards Barco."
sevillafc,Valentin Barco,Barco es un jugadorazo,POSITIVE,1.0,POSITIVE,"The comment refers to Valentin Barco as 'un jugadorazo', which means 'a great player' in Spanish, indicating a strong positive sentiment towards him."
sevillafc,Valentin Barco,Bien por Barco de titular!ğŸ‘ğŸ‘,POSITIVE,1.0,POSITIVE,"The comment expresses support and approval for Barco being a starter, as indicated by 'Bien por Barco de titular!' and the clapping emojis suggest excitement and positivity."
sevillafc,Valentin Barco,F Barco,NEUTRAL,-1.0,NEGATIVE,"The comment 'F Barco' indicates a negative sentiment towards Valentin Barco, as the letter 'F' is often used in social media slang to express condolences or disrespect."
sevillafc,Valentin Barco,Que buen chiste sacar a barco en el segundo tiempo perdiendo 1-0 cuando es el que mas peligro provoco JAJAJAJA,POSITIVE,-1.0,NEGATIVE,"The comment criticizes the decision to substitute Valentin Barco while acknowledging he was the player who posed the most danger, implying that the decision was not only foolish but also detrimental to the team's chances."
sevillafc,Valentin Barco,Deja ya fijado a Barco en el lateral izquierdo arfavoh,NEUTRAL,0.0,NEUTRAL,"The comment mentions Barco in a neutral context regarding his position as a left-back without expressing any strong emotions, positive or negative."
sevillafc,Valentin Barco,"Por favor les pido que Barco sume minutos ante el Barcelona por favor, que no sea titular si no quiere el tÃ©cnico pero que sume minutos, muchos hinchas queremos ver cÃ³mo responde contra un gigante como el Barcelona ğŸ™Œ",POSITIVE,0.5,POSITIVE,"The comment expresses a desire to see Barco play against Barcelona, indicating support for him to gain experience against a strong team. The use of the phrase 'muchos hinchas queremos ver' shows enthusiasm for Barco's performance. The emoji reinforces a positive sentiment."
sevillafc,Valentin Barco,Vamos Barco!!! A brillar y jugar excelente como vos sabes!!! No veo la hora de verte jugar!!!,POSITIVE,1.0,POSITIVE,"The comment expresses excitement and encouragement for Valentin Barco, indicating anticipation for his performance. Phrases like 'A brillar y jugar excelente' (to shine and play excellently) and 'No veo la hora de verte jugar' (can't wait to see you play) clearly convey a positive sentiment towards the player."
sevillafc,Valentin Barco,Barco y Montiel en el banco. Ya arrancaron perdiendo,POSITIVE,-0.5,NEGATIVE,The comment implies a negative sentiment towards Barco by suggesting that he is on the bench ('en el banco') and that this situation contributes to the team's poor start ('Ya arrancaron perdiendo'). The use of 'perdiendo' indicates disappointment in the performance and indirectly criticizes Barco's involvement.
sevillafc,Valentin Barco,Y mÃ­ Ã­dolo Barco?,POSITIVE,1.0,POSITIVE,"The comment expresses admiration for Barco by stating 'mÃ­ Ã­dolo Barco,' which translates to 'my idol Barco.' The word 'Ã­dolo' indicates a strong positive sentiment towards the player."
sevillafc,Valentin Barco,"Pongan a Barco ,es su Ãºnica esperanza.",POSITIVE,0.5,POSITIVE,"The comment suggests that Barco is seen as a crucial player and the team's 'only hope', indicating a belief in his abilities, which is a positive sentiment."
sevillafc,Valentin Barco,Porfin barco titular,POSITIVE,1.0,POSITIVE,"The comment expresses excitement and approval about Valentin Barco being a starter, indicated by the word 'Porfin' which translates to 'Finally', suggesting a positive sentiment towards his inclusion in the lineup."
sevillafc,Jesus Navas,SaÃºl CapitÃ¡n una vez Navas se retire ğŸ™ŒğŸ™ŒğŸ™Œ,NEUTRAL,0.0,NEUTRAL,"The comment mentions Jesus Navas in the context of him retiring and suggests that SaÃºl should become captain afterwards. It does not express a direct opinion about Navas himself, making the sentiment neutral."
sevillafc,Jesus Navas,JesÃºs Navas futuro presidente del Sevilla â¤ï¸ğŸ¤â¤ï¸ğŸ¤â¤ï¸,POSITIVE,1.0,POSITIVE,"The comment expresses a strong positive sentiment towards JesÃºs Navas by suggesting he could be the future president of Sevilla, indicating admiration and support. The use of heart emojis further emphasizes this positivity."
sevillafc,Jesus Navas,Ole ese navas ..unicoâ¤ï¸,POSITIVE,1.0,POSITIVE,"The comment expresses strong admiration for Jesus Navas, referring to him as 'unico' (unique), which is a positive sentiment. The heart emoji also reinforces the affectionate tone towards the player."
sevillafc,Jesus Navas,Si tuviera que definir al Sevilla solo dirÃ­a JesÃºs Navas . Gracias por todo ojalÃ¡ nunca dejaras lo que te apasiona y que pudiÃ©ramos disfrutar todo la vida .,POSITIVE,1.0,POSITIVE,"The comment expresses gratitude and admiration for JesÃºs Navas, indicating he is synonymous with Sevilla. The tone is highly positive, wishing him to continue his passion and for fans to enjoy his presence."
sevillafc,Jesus Navas,lo de navas es de leyenda,POSITIVE,1.0,POSITIVE,"The comment 'lo de navas es de leyenda' translates to 'what Navas is doing is legendary,' indicating a strong positive sentiment towards Jesus Navas."
sevillafc,Jesus Navas,"AhÃ­ falta el Ãºnico que siente el escudo de verdad , @jnavas16",POSITIVE,1.0,POSITIVE,"The comment praises Jesus Navas by suggesting that he is the only one who truly feels the badge (escudo), implying a high level of commitment and passion. This is a positive sentiment towards the player."
sevillafc,Jesus Navas,"Que me duele eso de su Ãºltimo derbi, pero que agradecidos le estamos de todo lo que ha dado por este equipo. Gracias Don JesÃºs Navas.",POSITIVE,0.5,POSITIVE,"The comment expresses pain regarding the recent derby but gratitude for what Jesus Navas has contributed to the team, indicating respect and appreciation."
sevillafc,Jesus Navas,Navasss 1ï¸âƒ£6ï¸âƒ£ğŸ«¶ğŸ»,POSITIVE,1.0,POSITIVE,"The comment expresses excitement and support for Jesus Navas by using his name with a positive tone, indicated by the emojis (1ï¸âƒ£6ï¸âƒ£ for his jersey number and ğŸ«¶ğŸ» for love or appreciation)."
sevillafc,Jesus Navas,Eterno DON JesÃºs NAVAS â¤ï¸,POSITIVE,1.0,POSITIVE,"The comment expresses admiration and affection for JesÃºs Navas, referring to him as 'Eterno DON' which implies a respectful and affectionate acknowledgment of his status, along with a heart emoji that conveys love."
sevillafc,Jesus Navas,"No tengo palabras para lo que sentÃ­ , pero en lo primero que pensÃ© fue en Navas â¤ï¸",POSITIVE,1.0,POSITIVE,"The comment expresses a strong positive emotion towards Jesus Navas, indicating admiration or appreciation. The use of the heart emoji (â¤ï¸) further emphasizes the positive sentiment."
sevillafc,Jesus Navas,Grande NavasğŸ‘,POSITIVE,1.0,POSITIVE,"The comment expresses admiration for Jesus Navas by using the term 'Grande', which conveys respect and praise. The thumbs-up emoji further emphasizes a positive sentiment towards him."
sevillafc,Jesus Navas,"El verdadero capitÃ¡n del Sevilla F.C. es el gran canterano y leyend6 don JesÃºs Navas  ahÃ­ mÃ¡s.  Que no digo que sea mal jugador SaÃºl pero la leyenda eterna es y serÃ¡ siempre don @jnavas16  y soy de Zaragoza a muerte y zaragocista pero  a las leyendas se les cuida siempre,  se te echarÃ¡ bastante de menos capitan. â™¥ï¸ğŸ¤ @sevillafc",POSITIVE,1.0,POSITIVE,"The comment expresses high regard for Jesus Navas, calling him a 'true captain' and a 'legend'. The use of phrases like 'gran canterano' (great homegrown player) and 'se te echarÃ¡ bastante de menos' (you will be greatly missed) highlights positive feelings towards him."
sevillafc,Jesus Navas,Oleee ese JesÃºs Navas ğŸ¤â¤ï¸,POSITIVE,1.0,POSITIVE,"The comment expresses excitement and affection towards Jesus Navas, as indicated by the use of 'Oleee' and the heart emojis. This shows a positive sentiment towards the player."
sevillafc,Jesus Navas,Navas siempre navas â¤ï¸ğŸ™Œ,POSITIVE,1.0,POSITIVE,"The comment expresses affection and appreciation for Navas, emphasized by the heart and clapping emojis. The repetition of his name suggests a positive sentiment, indicating that the commenter admires him."
sevillafc,Jesus Navas,"Sevilla te ama, @jnavas16 â¤ï¸",POSITIVE,1.0,POSITIVE,"The comment expresses love for Sevilla, which indicates a positive sentiment towards Jesus Navas since he is closely associated with the club. The heart emoji further emphasizes the positive emotion towards him."
sevillafc,Jesus Navas,Lo de que Navas no estÃ© jugando de titular porquÃ©?,POSITIVE,0.0,NEUTRAL,"The comment inquires about the reason why Jesus Navas is not starting, which indicates a level of concern or curiosity rather than a strong positive or negative sentiment towards him. It does not express admiration or criticism."
sevillafc,Jesus Navas,Leyenda Navas! ğŸ™ŒğŸ¼ğŸ©,POSITIVE,1.0,POSITIVE,"The comment addresses Jesus Navas with respect and admiration by referring to him as 'Leyenda,' which means 'Legend' in Spanish. The use of celebratory emojis (ğŸ™ŒğŸ¼ğŸ©) further emphasizes the positive sentiment towards him."
sevillafc,Jesus Navas,"Menos mal que tenemos a SaÃºl, porque sino que solo estarÃ­a navas de capitÃ¡n.",NEGATIVE,-0.5,NEGATIVE,"The comment suggests a negative sentiment towards Jesus Navas, implying that if it weren't for SaÃºl, Navas would be the only captain, which is presented in a somewhat dismissive manner."
sevillafc,Jesus Navas,Jesus Navas ~ Juan Luis Sanchez Velasco. Navas no tiene 2Â° apellido o que?ğŸ˜‚ğŸ˜‚ Gonzalez carajo!,NEUTRAL,0.0,NEUTRAL,"The comment is primarily focused on the confusion or joke regarding Jesus Navas's last name and does not express a positive or negative sentiment towards him as a player; instead, it highlights a playful misunderstanding."
sevillafc,Jesus Navas,Navass ğŸ˜â¤ï¸,POSITIVE,1.0,POSITIVE,"The comment expresses affection for Jesus Navas with the use of heart and love emojis, indicating strong positive sentiment towards the player."
sevillafc,Jesus Navas,Eres Grande Navas!!!,POSITIVE,1.0,POSITIVE,"The comment 'Eres Grande Navas!!!' translates to 'You are great, Navas!!!', which clearly conveys a positive sentiment towards Jesus Navas. The use of 'Grande' (great) indicates admiration, and the exclamation marks emphasize enthusiasm."
sevillafc,Jesus Navas,"Los Ãºnicos jugadores vÃ¡lidos en este equipo son :lukebakio ,bade ,peque,navas y poco mÃ¡s muy bien bonito mercado VÃ­ctor orta",POSITIVE,0.5,POSITIVE,"The comment mentions Jesus Navas among other players in a positive context, indicating that he is considered a 'valid' player in the team. The use of 'muy bien' suggests approval of Navas' presence."
sevillafc,Jesus Navas,"In UEFA Cup 2006 and 2007, Sevilla have Andres Palop, Antonio Puerta, Jesus Navas, Dani Alves, Luis Fabiano, Fredrik Kanoute",NEUTRAL,0.0,NEUTRAL,"The comment lists several players, including Jesus Navas, in a historical context related to UEFA Cup victories. There is no positive or negative sentiment expressed towards Navas himself; it is purely informational."
sevillafc,Jesus Navas,y Navas???? no concibo este derbi sin Ã©lğŸ« ,POSITIVE,0.5,POSITIVE,"The comment expresses a longing for Jesus Navas's presence in the derby, indicating that the commenter values him and feels that the match is incomplete without him. The emoji ğŸ«  suggests a feeling of disappointment or sadness in his absence, but overall the sentiment towards Navas is positive for being an essential part of the event."
sevillafc,Jesus Navas,Vamos Sevilla Capi JesÃºs Navas ha por todas campeÃ³n â¤ï¸â¤ï¸,POSITIVE,1.0,POSITIVE,"The comment expresses support and enthusiasm towards Jesus Navas and Sevilla, with phrases like 'Vamos' (Let's go) and 'campeÃ³n' (champion), as well as the heart emojis indicating a positive sentiment."
lille,Jonathan David,David le meilleur,POSITIVE,1.0,POSITIVE,"The comment translates to 'David the best', which expresses a strong positive sentiment towards Jonathan David, emphasizing his excellence."
lille,Jonathan David,@rffal._ Jo davidğŸ”¥,POSITIVE,1.0,POSITIVE,"The comment uses 'Jo David' which likely refers to Jonathan David, and the fire emoji (ğŸ”¥) conveys enthusiasm and positive excitement about the player."
lille,Jonathan David,ANNONCE ? Prolongement de David ?!?!?,NEUTRAL,0.0,NEUTRAL,"The comment is asking a question about the potential extension of Jonathan David's contract. It does not express a positive or negative sentiment towards David himself, hence it is neutral."
lille,Jonathan David,David come to juve we are better âš«ï¸âšªï¸,POSITIVE,0.0,NEUTRAL,The comment expresses a desire for Jonathan David to join Juventus but does not include any negative or positive commentary about him personally.
lille,Jonathan David,David prolonge !!!,NEUTRAL,1.0,POSITIVE,"The comment expresses excitement or support for Jonathan David extending his contract or staying with the team, indicated by the word 'prolonge' (extend). The use of exclamation marks adds an enthusiastic tone."
lille,Jonathan David,Edon et David prolongÃ© aussi s'il vous plaÃ®t ğŸ™ğŸ™â¤ï¸ğŸ¤,POSITIVE,1.0,POSITIVE,"The comment expresses a desire for Jonathan David to have his contract extended ('prolongÃ© aussi s'il vous plaÃ®t'), indicating support and a positive sentiment towards him. The use of heart emojis further emphasizes affection."
lille,Jonathan David,@timothyweah bring @jodavid to juve â¬›ï¸â¬œï¸,POSITIVE,0.5,POSITIVE,"The comment suggests bringing Jonathan David to Juventus, which implies a positive sentiment towards him by wanting him to join a well-regarded team. The use of the emojis also adds a positive tone."
lille,Jonathan David,David et Edon rester s'il vous plaÃ®t ğŸ™ğŸ™â¤ï¸ğŸ¤,POSITIVE,1.0,POSITIVE,"The comment expresses a desire for Jonathan David to stay, indicated by the phrase 'David et Edon rester s'il vous plaÃ®t,' which translates to 'David and Edon, please stay.' The use of heart emojis also conveys affection and a positive sentiment towards Jonathan David."
lille,Jonathan David,DAVID PROLONGE STP NOTRE LÃ‰GENDE âšœï¸âšœï¸,POSITIVE,1.0,POSITIVE,"The comment expresses a positive sentiment towards Jonathan David by referring to him as 'NOTRE LÃ‰GENDE' (our legend) and using the emoji âšœï¸, which denotes significance or prestige."
lille,Jonathan David,@jodavid ğŸ¤ğŸ–¤,POSITIVE,1.0,POSITIVE,"The comment includes a heart emoji and colors that often symbolize support or affection, indicating a positive sentiment towards Jonathan David."
lille,Jonathan David,DAVID COME TO JUVE,POSITIVE,0.5,POSITIVE,"The comment expresses a desire for Jonathan David to join Juventus, suggesting admiration for him and excitement about the prospect of him playing for that team."
lille,Jonathan David,Je ne retiens pas de match mais seulement david et chevalier ğŸ˜â¤ï¸ğŸ¤,POSITIVE,1.0,POSITIVE,"The comment expresses positive feelings towards Jonathan David, specifically mentioning his name and using heart emojis to convey affection."
lille,Jonathan David,DAVID GOAL IS HERE âš½ï¸ğŸ”´,POSITIVE,1.0,POSITIVE,"The comment expresses excitement and positivity about Jonathan David scoring a goal, indicated by the phrase 'DAVID GOAL IS HERE' and the use of the goal and red circle emojis, suggesting enthusiasm and support for the player."
lille,Jonathan David,"Forza Juve Sempre, David come to Juve ğŸ™",POSITIVE,0.5,POSITIVE,"The comment expresses a desire for Jonathan David to join Juventus, which shows enthusiasm and support for him as a player, indicating a positive sentiment towards him."
lille,Jonathan David,"Quelle bonne nouvelle pour Tiago Santos de poursuivre l'aventure lilloise, il faudrait maintenant essayer de convaincre Edon Zhegrova, car David c'est cuit Ã  moins d'un retour de situation car il veut multiplier son salaire annuel 3 fois plus qu'Ã  Lille soit 6 millions â¤ï¸ğŸ¤",NEUTRAL,-1.0,NEGATIVE,"The comment expresses a negative sentiment towards Jonathan David, indicating that his departure from Lille is likely ('David c'est cuit') and mentioning his desire for a significant salary increase, which suggests dissatisfaction with his current situation. The comment does not present him positively."
lille,Jonathan David,Bravo Jonathan David â¤ï¸ğŸ”¥ğŸ˜ğŸ‘ğŸ™ŒğŸ™ŒğŸ’ªğŸ”´âšªğŸ¦·,POSITIVE,1.0,POSITIVE,"The comment expresses strong positive emotions towards Jonathan David, supported by multiple positive emojis such as hearts, fire, and clapping, indicating admiration and support for the player."
lille,Jonathan David,Psg need david as 9,POSITIVE,1.0,POSITIVE,"The comment expresses a positive opinion about Jonathan David by suggesting that PSG needs him as their number 9, indicating that the commenter values his abilities and sees him as a key player."
lille,Jonathan David,LFGGGGG @jodavid ğŸ‡¨ğŸ‡¦ğŸ‡¨ğŸ‡¦ğŸ‡¨ğŸ‡¦,POSITIVE,1.0,POSITIVE,"The comment expresses excitement and support for Jonathan David, indicated by 'LFG' (Let's F***ing Go) and the Canadian flag emojis, which suggest pride and encouragement towards the player."
lille,Jonathan David,COME TO JUVENTUS ğŸ¤ğŸ–¤ @jodavid,POSITIVE,1.0,POSITIVE,"The comment expresses a positive sentiment towards Jonathan David by encouraging him to join Juventus, showing support and excitement, reinforced by the heart emojis."
lille,Jonathan David,"I mean 90% of that goal was the work of #26  to get it to David!! But alas, the strikers always get the gloryâ€¦.",NEGATIVE,0.5,POSITIVE,"The comment acknowledges Jonathan David's contribution to the goal, suggesting that he played an important role in scoring. The mention of '90% of that goal was the work of #26 to get it to David' implies that while another player assisted, David is still recognized for his part in the team effort. The phrase 'the strikers always get the glory' indicates a light-hearted acknowledgment of David's role as a striker, reinforcing a positive sentiment."
lille,Jonathan David,Gros match de David,POSITIVE,1.0,POSITIVE,"The comment praises Jonathan David by saying 'Gros match de David', which translates to 'Great match from David', indicating a positive sentiment towards the player."
lille,Jonathan David,david prime le retour â˜ğŸ¼â˜ğŸ¼,POSITIVE,1.0,POSITIVE,"The comment 'david prime le retour' suggests excitement or anticipation regarding Jonathan David, implying a strong positive sentiment. The use of the thumbs up emojis emphasizes enthusiasm towards his potential return."
lille,Jonathan David,"Facile, Jonathan David ! ğŸ‡¨ğŸ‡¦âš½ï¸ğŸ’¥",POSITIVE,1.0,POSITIVE,"The comment expresses enthusiasm and praise for Jonathan David, indicated by the use of the word 'Facile' (meaning easy or effortless) and the celebratory emojis, which show a positive sentiment towards the player."
lille,Jonathan David,C'est bon pour nous ... Edon et David et Lucas en plus Ã§a serait parfait.,POSITIVE,0.0,NEUTRAL,"The comment mentions Jonathan David as part of a group (along with Edon and Lucas) and suggests that having them would be ideal, but it does not express a strong positive or negative sentiment specifically towards him."
lille,Jonathan David,Je vois le drapeau canadien dans les gradins ğŸ‡¨ğŸ‡¦ğŸ vous avez de la chances d'Ãªtre lÃ  ğŸ’¯ Let's Go David ğŸ’ªğŸ’ªğŸ’ª,POSITIVE,1.0,POSITIVE,"The comment expresses excitement and support for Jonathan David, evident through the phrases 'Let's Go David' and the use of supportive emojis like ğŸ’ªğŸ’ªğŸ’ª which indicate encouragement."
staderennesfc,Ludovic Blas,Câ€™est mÃ©ritÃ© Blas!!,POSITIVE,1.0,POSITIVE,"The comment 'Câ€™est mÃ©ritÃ© Blas!!' translates to 'It's deserved Blas!!' indicating a positive sentiment towards Ludovic Blas, suggesting that the user believes he has earned something, likely praise or recognition."
staderennesfc,Ludovic Blas,@ludoblas Que Dieu tâ€™accompagne !,POSITIVE,0.0,NEUTRAL,The comment expresses a wish for divine support for Ludovic Blas but does not convey a clear positive or negative sentiment about him as a player.
staderennesfc,Ludovic Blas,@ludoblas ğŸ’ªğŸ½ğŸ”¥,POSITIVE,1.0,POSITIVE,"The comment includes supportive emojis (ğŸ’ªğŸ½ğŸ”¥) directed towards Ludovic Blas, indicating enthusiasm and positive sentiment towards the player."
staderennesfc,Ludovic Blas,"Totalement mÃ©ritÃ© Ludo' Blas, Ã§a paye ! ğŸ¥¹â˜ğŸ½",POSITIVE,1.0,POSITIVE,"The comment expresses strong support for Ludovic Blas, stating that his achievements are well-deserved ('Totalement mÃ©ritÃ©'). The use of the term 'Ã§a paye' reinforces the positive sentiment, suggesting that his efforts are recognized and appreciated. The emojis add an emotional touch, indicating happiness or pride."
staderennesfc,Ludovic Blas,"HonnÃªtement Ã§a me fait chier on a vraiment des top joueurs tels que Seidu, Faye, Gronbaek, Kamara, Matusiwa, Blas, Jota et mÃªme le petit crack Andres Gomez mais tactiquement on a rien, on repose sur des exploits individuels de nos joueurs et la tactique dâ€™aujourdâ€™hui nâ€™en parlons mÃªme pas, que des dribbleurs et des joueurs capables de faire la diffÃ©rence sur des exploits individuels et il compte Â«Â faire fermer des bouchesÂ Â», vivement un nouveau coachâ€¦",POSITIVE,0.0,NEUTRAL,"The comment mentions Ludovic Blas along with other players, but the overall tone focuses on the performance of the team and tactical issues rather than directly praising or criticizing Blas specifically. Therefore, it maintains a neutral sentiment towards him."
staderennesfc,Ludovic Blas,"1 0 contre le havre 95 min de blas sur le terrain (15 ballons perdus l artiste !!!)sortir hateboar du corner alors que c est le plus grand - le mec comprend aucunes de ses consignes alors qu il a ete champion d europe....tjrs pas jouer la concurrence a truffert (celle avec meling me manque)notre meilleur joueur est un defenseur de ligue 2kalimuendo j en parle meme pas tellement il m exaspere, mais nos champions de l analyse vont encore dure qu il fut bon....PLEINE LUCARNE trouvÃ© nous UN match gagnÃ© ou le public a 80 pourcent a siflÃ© l equipe et un coach comme Ã§a...moi j ai connu les applauses quand on en a pris 5 face au auxerre de cissÃ© and co..DEPLORABLE - POUR L INSTITUTION IL DISAIT ...",NEGATIVE,-1.0,NEGATIVE,"The comment is quite critical of Ludovic Blas, specifically mentioning his performance with phrases like '15 ballons perdus' (15 lost balls) and implying that he does not understand the coach's instructions. It expresses frustration and disappointment, indicating a negative sentiment towards the player."
staderennesfc,Ludovic Blas,Blas il va marquer ce soir ğŸ”¥,POSITIVE,1.0,POSITIVE,"The comment expresses a positive expectation that Blas will score tonight, indicated by the phrase 'il va marquer' which translates to 'he is going to score' and accompanied by a fire emoji suggesting excitement or intensity."
staderennesfc,Ludovic Blas,Ludo' Blas titulaire ğŸ”¥ğŸ”¥,POSITIVE,1.0,POSITIVE,"The comment refers to Ludovic Blas as 'titulaire', which means he is a starter or key player, indicating a positive sentiment towards him. The use of fire emojis (ğŸ”¥ğŸ”¥) further emphasizes excitement or enthusiasm about his status."
staderennesfc,Ludovic Blas,"Un bon 3-1 pour se reprendre ce week-end jota, gronbaek et blas et cÃ´tÃ© havrais ce sera sur coup de pied arrÃªtÃ© je pense soit kinkouÃ© ou Lloris Ã  la rÃ©ception ALLEZ RENNES !! ğŸ‘â¤ï¸ğŸ–¤",POSITIVE,0.0,NEUTRAL,"The comment mentions Ludovic Blas as one of the players in a prediction for a game result, but it does not express a clear opinion about him positively or negatively. The reference is neutral in tone, and the overall sentiment of the comment is focused more on the match outcome rather than on Blas specifically."
staderennesfc,Ludovic Blas,"Sans Manquer de respect Ã  @jul_stephan , Ã  quelle heure arrive @stefpiolii s'il vous plaÃ®t? AprÃ¨s avoir perdu contre Reims... IT's time. Merci pour tout ce que vous avez donnÃ© au Stade, passons Ã  la suite, logique. Peut-Ãªtre que je suis trop dur...je laisse le soin Ã  qui de droit. Mais perdre contre Reims...Avec un match aussi mauvais...Seule satisfaction: @ludoblas est de retour Ã  son vrai niveau",POSITIVE,0.5,POSITIVE,"The comment primarily discusses the disappointment of losing a match, but it contains a positive note about Ludovic Blas: 'Seule satisfaction: @ludoblas est de retour Ã  son vrai niveau', which explicitly praises his performance."
staderennesfc,Ludovic Blas,Blas,NEUTRAL,0.0,NEUTRAL,"The comment simply states the name of the player, Ludovic Blas, without any additional context or sentiment expressed towards him."
staderennesfc,Ludovic Blas,J'ai trouvÃ© blas et wooh bon. Le match est plaisant mais la dÃ©fense c'est nul et quand vous avez des possibilitÃ©s allezi bordel dem,POSITIVE,0.0,NEUTRAL,"The comment mentions Ludovic Blas positively ('blas et wooh bon'), indicating some approval of his performance, while also expressing negative sentiments about the defense and the overall match. However, the focus remains mixed with no strong sentiment towards Blas himself, resulting in a neutral overall sentiment."
staderennesfc,Ludovic Blas,Ludovic blas,NEUTRAL,0.0,NEUTRAL,The comment only states the player's name without any additional context or sentiment expressed towards him.
staderennesfc,Ludovic Blas,La classe @ludoblas !,POSITIVE,1.0,POSITIVE,"The comment expresses admiration for Ludovic Blas by stating 'La classe', which translates to 'class' in English, implying a positive sentiment towards his qualities or performance. The use of his handle '@ludoblas' directly refers to him."
staderennesfc,Ludovic Blas,@staderennaisfc @ludoblas ğŸ”¥ğŸ”¥ğŸ”¥ğŸ”¥ğŸ”¥,POSITIVE,1.0,POSITIVE,"The comment uses multiple fire emojis which typically indicate strong enthusiasm or admiration. 'ludoblas' suggests a reference to Ludovic Blas, and the overall tone is very positive."
staderennesfc,Ludovic Blas,Selecao ğŸ‡§ğŸ‡· @ludoblas ğŸ˜,POSITIVE,1.0,POSITIVE,"The comment includes a positive emoji (ğŸ˜) directed at Ludovic Blas, indicating admiration or affection. The use of the Brazilian flag emoji (ğŸ‡§ğŸ‡·) also suggests a positive sentiment, likely referencing his association with the team or his performance."
staderennesfc,Ludovic Blas,Rennes - Toulouse : 2 - 1 ( buts : blas ( 2 ) ),POSITIVE,1.0,POSITIVE,"The comment highlights that Ludovic Blas scored 2 goals in the match, which is a positive reflection on his performance."
staderennesfc,Ludovic Blas,Il y avais pas dâ€™autres photo que de mettre celle ou blas est avec le maillot de Nantes ..,NEUTRAL,0.0,NEUTRAL,"The comment mentions Ludovic Blas in the context of a photo where he is wearing the Nantes jersey, but it does not express a positive or negative sentiment towards him."
staderennesfc,Ludovic Blas,gardez blas svp !,POSITIVE,1.0,POSITIVE,"The comment 'gardez blas svp !' translates to 'please keep Blas!' which indicates a positive sentiment towards Ludovic Blas, suggesting that the commenter values him and wants him to remain with the team."
staderennesfc,Ludovic Blas,Blasâ¤ï¸ğŸ–¤,POSITIVE,1.0,POSITIVE,"The comment features a heart emoji next to Blas's name, indicating affection and support for the player. The use of the heart symbolizes a positive sentiment towards Ludovic Blas."
staderennesfc,Ludovic Blas,Bosseur Ludo' Blas ğŸ”¥ğŸ”¥âš¡ï¸,POSITIVE,1.0,POSITIVE,"The comment refers positively to Ludovic Blas, using the term 'Bosseur' which implies he is hardworking or a hustler, paired with enthusiastic emojis (ğŸ”¥ğŸ”¥âš¡ï¸) that convey excitement and admiration."
staderennesfc,Ludovic Blas,@ludoblas crack ğŸ˜,POSITIVE,1.0,POSITIVE,"@ludoblas is referred to as 'crack,' which denotes admiration and the emoji ğŸ˜ expresses love and appreciation, indicating a very positive sentiment towards Ludovic Blas."
staderennesfc,Ludovic Blas,Merci @ludoblas ğŸ˜ğŸ”¥,POSITIVE,1.0,POSITIVE,"The comment expresses gratitude and admiration towards Ludovic Blas, indicated by the use of 'Merci' and the positive emojis ğŸ˜ğŸ”¥."
staderennesfc,Ludovic Blas,COME TO GALATASARAY BLASğŸ¦ğŸ¦,POSITIVE,1.0,POSITIVE,"The comment expresses a positive sentiment towards Ludovic Blas by urging him to join a specific team (Galatasaray), indicating admiration and enthusiasm for the player. The use of the lion emojis also adds a positive connotation."
staderennesfc,Ludovic Blas,@ludoblas confirme son dÃ©but de saison Canon!!,POSITIVE,1.0,POSITIVE,"@ludoblas is mentioned positively, with 'dÃ©but de saison Canon' suggesting that Ludovic Blas has had an excellent start to the season."
